十三_2492.jpg,十三
舳_741.jpg,舳
ゆな_3349.jpg,ゆな
主俊_360.jpg,主俊
モイマン_2701.jpg,モイマン
敲岩_2229.jpg,敲岩
敏偉_862.jpg,敏偉
しょうがざけ_1375.jpg,しょうがざけ
あまがき_467.jpg,あまがき
余切_2148.jpg,余切
なつこ_3236.jpg,なつこ
説き起す_142.jpg,説き起す
三才_1385.jpg,三才
銅藍_789.jpg,銅藍
泰圓澄_1388.jpg,泰圓澄
ショート・パンツ_1539.jpg,ショート・パンツ
汎和_73.jpg,汎和
美妃_236.jpg,美妃
彗矢_2235.jpg,彗矢
おがわしげひと_1730.jpg,おがわしげひと
ドゥリットル_3323.jpg,ドゥリットル
かみやち_1847.jpg,かみやち
広西_3363.jpg,広西
しゅりとうのくら_2488.jpg,しゅりとうのくら
こうしろ_855.jpg,こうしろ
明徳_1757.jpg,明徳
しろあき_815.jpg,しろあき
あんじつ_920.jpg,あんじつ
うぶい_694.jpg,うぶい
クオマナイかわ_2820.jpg,クオマナイかわ
いけがみえいいち_2232.jpg,いけがみえいいち
マイク_3294.jpg,マイク
ひでじ_1779.jpg,ひでじ
がんこうじ_2561.jpg,がんこうじ
いかだちきたざいじちょう_616.jpg,いかだちきたざいじちょう
す_2735.jpg,す
雀碆_2962.jpg,雀碆
あぶらにみず_2122.jpg,あぶらにみず
シネフィルム_2734.jpg,シネフィルム
刺類橋_1345.jpg,刺類橋
やまぐちまどか_1332.jpg,やまぐちまどか
しわけしょ_2483.jpg,しわけしょ
出奥_1807.jpg,出奥
こうすけ_1982.jpg,こうすけ
ゴールドシュテイン_872.jpg,ゴールドシュテイン
フェーリングはんのう_2516.jpg,フェーリングはんのう
才取り_1174.jpg,才取り
映汎_276.jpg,映汎
政比古_1477.jpg,政比古
せっとうがたけ_2767.jpg,せっとうがたけ
印旛沼取水場_1408.jpg,印旛沼取水場
うたのおやしき_378.jpg,うたのおやしき
排水量_1002.jpg,排水量
あぶく_3120.jpg,あぶく
ヘイズエーティーコマンド_1842.jpg,ヘイズエーティーコマンド
ふたき_1447.jpg,ふたき
いしうら_2731.jpg,いしうら
南初島_2143.jpg,南初島
さいいんいぬい_1572.jpg,さいいんいぬい
越ヶ濱_3213.jpg,越ヶ濱
宇宙天気_518.jpg,宇宙天気
朱川_2067.jpg,朱川
不明瞭_1586.jpg,不明瞭
飯守_2536.jpg,飯守
曽我部町中_2000.jpg,曽我部町中
耕二_3060.jpg,耕二
嘉岡_3419.jpg,嘉岡
圀彦_375.jpg,圀彦
惣江_3317.jpg,惣江
映莉子_2242.jpg,映莉子
浮川和宣_3425.jpg,浮川和宣
青木ケ丘_1264.jpg,青木ケ丘
厳美町_3159.jpg,厳美町
美南子_1118.jpg,美南子
なだくろいわ_398.jpg,なだくろいわ
こがい_2283.jpg,こがい
禁書_1574.jpg,禁書
江利果_2146.jpg,江利果
房憲_852.jpg,房憲
かまいしせき_753.jpg,かまいしせき
ひろの_2291.jpg,ひろの
みちはる_219.jpg,みちはる
あみこ_1999.jpg,あみこ
しょうぜん_579.jpg,しょうぜん
千代音_2100.jpg,千代音
玄貞_279.jpg,玄貞
りくじょうじえいたいこくらちゅうとんち_712.jpg,りくじょうじえいたいこくらちゅうとんち
寛恵_2609.jpg,寛恵
美鶴江_594.jpg,美鶴江
センティネルさんみゃく_2780.jpg,センティネルさんみゃく
さいしんさ_2417.jpg,さいしんさ
ラフマニノフ_2752.jpg,ラフマニノフ
ありしげ_3208.jpg,ありしげ
北四貫_304.jpg,北四貫
前田_2057.jpg,前田
辱_1128.jpg,辱
みつたろう_2212.jpg,みつたろう
あずかりしさん_1217.jpg,あずかりしさん
たたき出す_2520.jpg,たたき出す
いちえい_3214.jpg,いちえい
高等産業技術学校_979.jpg,高等産業技術学校
アルトゥシュ_2474.jpg,アルトゥシュ
梨雪_1592.jpg,梨雪
にしじゅうにせんみなみ_823.jpg,にしじゅうにせんみなみ
岩田池_1319.jpg,岩田池
名月_609.jpg,名月
まこ_341.jpg,まこ
梁川町_1789.jpg,梁川町
かくちょうにほんごキーボード_178.jpg,かくちょうにほんごキーボード
しゅんろくろう_2368.jpg,しゅんろくろう
大矢紀_1161.jpg,大矢紀
そうじ_1335.jpg,そうじ
みょうじょうのばな_2399.jpg,みょうじょうのばな
すながわこくさいゴルフじょう_498.jpg,すながわこくさいゴルフじょう
頼高_389.jpg,頼高
きしだ_627.jpg,きしだ
胃アトニー_1756.jpg,胃アトニー
志め_776.jpg,志め
しせい_1399.jpg,しせい
じょうなんひがし_1549.jpg,じょうなんひがし
麻哉_451.jpg,麻哉
めめ_121.jpg,めめ
にしだにしも_3483.jpg,にしだにしも
都江_2903.jpg,都江
紅津美_1607.jpg,紅津美
ひさき_2013.jpg,ひさき
加路_663.jpg,加路
ねんば_1560.jpg,ねんば
川魚料理_3056.jpg,川魚料理
アフレック_2773.jpg,アフレック
中島雄一_1467.jpg,中島雄一
おおむらがた_730.jpg,おおむらがた
野次馬根性_2753.jpg,野次馬根性
しんさき_1782.jpg,しんさき
でんしせん_2219.jpg,でんしせん
人で無し_2959.jpg,人で無し
是仁_2255.jpg,是仁
聡音_2862.jpg,聡音
よしきがわ_2797.jpg,よしきがわ
聡深_684.jpg,聡深
やぶうちやすお_432.jpg,やぶうちやすお
まるきまさおみ_2475.jpg,まるきまさおみ
原子_2289.jpg,原子
納屋内_1356.jpg,納屋内
ウシクビさわ_1803.jpg,ウシクビさわ
らいでんばし_2058.jpg,らいでんばし
ろんでんちょう_2465.jpg,ろんでんちょう
アイス・トング_254.jpg,アイス・トング
溶接機_1394.jpg,溶接機
アブズグ_1889.jpg,アブズグ
卯美子_2591.jpg,卯美子
こんや_3191.jpg,こんや
かみはんが_63.jpg,かみはんが
衛一朗_1313.jpg,衛一朗
かおり_816.jpg,かおり
眞雄_2604.jpg,眞雄
納豆_1359.jpg,納豆
西瑞穂駅_3377.jpg,西瑞穂駅
いのひら_302.jpg,いのひら
よしひで_1506.jpg,よしひで
応請_3368.jpg,応請
ファイル終わりマーク_1437.jpg,ファイル終わりマーク
偉代_3486.jpg,偉代
山寺宏一_1420.jpg,山寺宏一
ステファニア_2927.jpg,ステファニア
おだはら_2410.jpg,おだはら
舟堀下_2346.jpg,舟堀下
たねつら_634.jpg,たねつら
天ヶ崎_3116.jpg,天ヶ崎
コマえ_1269.jpg,コマえ
つなはいはし_1458.jpg,つなはいはし
とうきょうかいようだいがく_1816.jpg,とうきょうかいようだいがく
多根井_964.jpg,多根井
やぶもとそうしろう_46.jpg,やぶもとそうしろう
睦都実_773.jpg,睦都実
千曜_2571.jpg,千曜
クライザ_2313.jpg,クライザ
たけあき_2554.jpg,たけあき
にしたにたいじ_1581.jpg,にしたにたいじ
たかやまうこん_1136.jpg,たかやまうこん
奈良恵理加_1956.jpg,奈良恵理加
かんごにん_132.jpg,かんごにん
横出_849.jpg,横出
とくべつそうさほんぶ_2747.jpg,とくべつそうさほんぶ
来旨_322.jpg,来旨
きゅうじ_2545.jpg,きゅうじ
吉田恵_2177.jpg,吉田恵
稲妻_167.jpg,稲妻
免田_17.jpg,免田
徳治主義_1259.jpg,徳治主義
ウリザネジョウチュウ_966.jpg,ウリザネジョウチュウ
谷藤_822.jpg,谷藤
かのが_196.jpg,かのが
かつとう_1347.jpg,かつとう
りきたろう_2651.jpg,りきたろう
おおみずねずみ_101.jpg,おおみずねずみ
トダーロ_2210.jpg,トダーロ
せきのさわおおはし_827.jpg,せきのさわおおはし
急を救う_2863.jpg,急を救う
ともみ_2050.jpg,ともみ
再循環_1372.jpg,再循環
クロトンフォールズ湖_1229.jpg,クロトンフォールズ湖
沙夜_2053.jpg,沙夜
たいと_1293.jpg,たいと
なんぱ_2358.jpg,なんぱ
光塚_3374.jpg,光塚
金辻_1772.jpg,金辻
スローケンバージャス_1280.jpg,スローケンバージャス
広瀬村_1226.jpg,広瀬村
与蔵沼_149.jpg,与蔵沼
相挟み_3395.jpg,相挟み
あきのぶ_383.jpg,あきのぶ
ちゅうげん_2682.jpg,ちゅうげん
杆菌_2574.jpg,杆菌
酒井淑夫_3112.jpg,酒井淑夫
うたがわやえこ_1446.jpg,うたがわやえこ
かよみ_189.jpg,かよみ
たかえ_1258.jpg,たかえ
こうらく_373.jpg,こうらく
式島_769.jpg,式島
貞香_2950.jpg,貞香
かなえ_1797.jpg,かなえ
はまぐす_714.jpg,はまぐす
亥川_469.jpg,亥川
クリンダ_1295.jpg,クリンダ
七郎丸_1163.jpg,七郎丸
麗舞_839.jpg,麗舞
みやまだにがわ_2965.jpg,みやまだにがわ
音堅_1516.jpg,音堅
辨天島_170.jpg,辨天島
だつたんさん_295.jpg,だつたんさん
きっしょういんまえだちょう_16.jpg,きっしょういんまえだちょう
いさお_530.jpg,いさお
なみきよりしんひ_1532.jpg,なみきよりしんひ
洲先駅_1545.jpg,洲先駅
月夜の段_1804.jpg,月夜の段
たにのがわ_885.jpg,たにのがわ
善之甫_22.jpg,善之甫
愛来_339.jpg,愛来
くさがわ_1233.jpg,くさがわ
市三宅_1125.jpg,市三宅
メレンデス_411.jpg,メレンデス
フロンチェク_560.jpg,フロンチェク
萌夏_2973.jpg,萌夏
二つ結び_597.jpg,二つ結び
都南村_261.jpg,都南村
きぎつ_2452.jpg,きぎつ
淳_1223.jpg,淳
ふみえ_2356.jpg,ふみえ
しゅうかい_2807.jpg,しゅうかい
めぐみ_1191.jpg,めぐみ
ゆうし_1511.jpg,ゆうし
諏訪トンネル_2147.jpg,諏訪トンネル
ぜんだにちょう_3243.jpg,ぜんだにちょう
府領_3082.jpg,府領
ふらつき_628.jpg,ふらつき
大成_1784.jpg,大成
アーミーナイフ_3314.jpg,アーミーナイフ
あかつちだ_2945.jpg,あかつちだ
あきつえき_367.jpg,あきつえき
よつい_3064.jpg,よつい
三井瓦窯跡_2264.jpg,三井瓦窯跡
わかりしころ_2838.jpg,わかりしころ
江須崎_562.jpg,江須崎
こうま_344.jpg,こうま
おおこうち_1290.jpg,おおこうち
檀之上_131.jpg,檀之上
たにんめいわく_10.jpg,たにんめいわく
かわつる三芳野_2035.jpg,かわつる三芳野
堂園_1509.jpg,堂園
竹太郎_1316.jpg,竹太郎
こずるトンネル_907.jpg,こずるトンネル
なかかすお_2763.jpg,なかかすお
歩行器_2309.jpg,歩行器
敷太_324.jpg,敷太
東富士ゴルフ場_208.jpg,東富士ゴルフ場
殺生河原_286.jpg,殺生河原
しもばるめん_297.jpg,しもばるめん
かんなりさわ_2324.jpg,かんなりさわ
仁禮景範_3230.jpg,仁禮景範
せいし_877.jpg,せいし
イドクー_352.jpg,イドクー
もうさい_3357.jpg,もうさい
神科新屋_2895.jpg,神科新屋
ゆいか_1798.jpg,ゆいか
つつみした_1153.jpg,つつみした
どうそん_503.jpg,どうそん
こうせん_3094.jpg,こうせん
はた_502.jpg,はた
栄耀栄華_938.jpg,栄耀栄華
長田天神_1424.jpg,長田天神
おとじ_3108.jpg,おとじ
亀師_3302.jpg,亀師
智景_832.jpg,智景
しなき_2771.jpg,しなき
青波谷川_1131.jpg,青波谷川
あかべ_3318.jpg,あかべ
出久_3298.jpg,出久
ふしんりゃくじょうやく_2911.jpg,ふしんりゃくじょうやく
通り超す_414.jpg,通り超す
いつこ_1307.jpg,いつこ
プロダクティヴ_2743.jpg,プロダクティヴ
きへいじ_1179.jpg,きへいじ
きつねざきてらまえ_3266.jpg,きつねざきてらまえ
よわいちから_288.jpg,よわいちから
下原_1100.jpg,下原
中山川ダム_281.jpg,中山川ダム
梶埜_185.jpg,梶埜
りんのう_944.jpg,りんのう
中夫_2513.jpg,中夫
辺牟木_2052.jpg,辺牟木
かちゆき_2112.jpg,かちゆき
秀花_3316.jpg,秀花
セントジョージズ湾_3189.jpg,セントジョージズ湾
あき_1793.jpg,あき
礼季_1438.jpg,礼季
糀漬_1885.jpg,糀漬
矢輝_2386.jpg,矢輝
しもこばやし_2319.jpg,しもこばやし
作市_838.jpg,作市
せいな_3253.jpg,せいな
蛍狩_334.jpg,蛍狩
ツォフィンゲン_595.jpg,ツォフィンゲン
辨吹_882.jpg,辨吹
御影町_3485.jpg,御影町
茅蜩橋_1324.jpg,茅蜩橋
へんえんけい_3310.jpg,へんえんけい
まっさきひがし_1682.jpg,まっさきひがし
わずか_1725.jpg,わずか
筆蹟_493.jpg,筆蹟
はせじゅん_1972.jpg,はせじゅん
千保_945.jpg,千保
ヤグロム_2046.jpg,ヤグロム
みなみあかだに_3170.jpg,みなみあかだに
デイリィ_1703.jpg,デイリィ
はいきんしゅぎ_5.jpg,はいきんしゅぎ
鍵吉_1124.jpg,鍵吉
洲山_2080.jpg,洲山
いえおく_347.jpg,いえおく
さなの_2033.jpg,さなの
平野謙_1731.jpg,平野謙
カーマイ_1997.jpg,カーマイ
ジェッセルトン_653.jpg,ジェッセルトン
金クビリ崎_3327.jpg,金クビリ崎
なかまる_2543.jpg,なかまる
津子_2102.jpg,津子
すま_3009.jpg,すま
頓服_1752.jpg,頓服
しの_2103.jpg,しの
たかこ_410.jpg,たかこ
がいろアドレス_1051.jpg,がいろアドレス
公議所_580.jpg,公議所
綺巳_3135.jpg,綺巳
国矢田_1523.jpg,国矢田
棚へ上げる_1245.jpg,棚へ上げる
ビヤエルモサ_86.jpg,ビヤエルモサ
龍穴神社_1934.jpg,龍穴神社
たかゆき_986.jpg,たかゆき
茂手木_2739.jpg,茂手木
カオシュン_2904.jpg,カオシュン
さんごうちょうつのだ_1710.jpg,さんごうちょうつのだ
しげひで_3105.jpg,しげひで
周参見_3462.jpg,周参見
石生_1149.jpg,石生
黒伏高原_2837.jpg,黒伏高原
梨笑_3154.jpg,梨笑
うちやましょうたろう_2129.jpg,うちやましょうたろう
かわだこいちろう_2477.jpg,かわだこいちろう
音楽出版協会_392.jpg,音楽出版協会
きゅうや_2661.jpg,きゅうや
てんしょくあっせん_622.jpg,てんしょくあっせん
神かつ子_2221.jpg,神かつ子
服部神社_306.jpg,服部神社
かんぎ_704.jpg,かんぎ
くづ_2997.jpg,くづ
といつじとうげ_2189.jpg,といつじとうげ
量子化雑音_2463.jpg,量子化雑音
おおたさんのとおり_831.jpg,おおたさんのとおり
なおあき_72.jpg,なおあき
宗谷丘陵_3477.jpg,宗谷丘陵
そうしゃ_227.jpg,そうしゃ
シェノン_3160.jpg,シェノン
紀凛_2568.jpg,紀凛
やつるぎヒロキ_3451.jpg,やつるぎヒロキ
やすかず_2338.jpg,やすかず
梨ケ根_3144.jpg,梨ケ根
大津波悦子_899.jpg,大津波悦子
かみささの_912.jpg,かみささの
応力径路_968.jpg,応力径路
けんそう_75.jpg,けんそう
乾風_1659.jpg,乾風
いほう_2790.jpg,いほう
犀川_2390.jpg,犀川
島袋光紀_1553.jpg,島袋光紀
なかたしげお_3106.jpg,なかたしげお
パゴダこうえん_2857.jpg,パゴダこうえん
梅野木前_3360.jpg,梅野木前
米塚_629.jpg,米塚
揉事_1045.jpg,揉事
赤羽根_206.jpg,赤羽根
にぎおかまちはたぐら_419.jpg,にぎおかまちはたぐら
ふたむ_2834.jpg,ふたむ
ばいこくど_3443.jpg,ばいこくど
セクンダ_1802.jpg,セクンダ
ねんのため_1946.jpg,ねんのため
竹腰本_2582.jpg,竹腰本
ナイアガラたき_1738.jpg,ナイアガラたき
いとこ_2892.jpg,いとこ
たかわしただよし_2101.jpg,たかわしただよし
キャンドルスティック_176.jpg,キャンドルスティック
おとづみなと_2943.jpg,おとづみなと
ふせいかい_1811.jpg,ふせいかい
茉鳳_2919.jpg,茉鳳
かいうんちょう_2204.jpg,かいうんちょう
伯太町_2149.jpg,伯太町
ミモテタ_472.jpg,ミモテタ
光多_1894.jpg,光多
あきら_770.jpg,あきら
深道_3146.jpg,深道
八幡宿_1805.jpg,八幡宿
あおむける_1869.jpg,あおむける
恋夏_1717.jpg,恋夏
あしょろぐんあしょろちょう_1812.jpg,あしょろぐんあしょろちょう
唯仁_2155.jpg,唯仁
朝日股沢_202.jpg,朝日股沢
音感_1701.jpg,音感
さやか_2974.jpg,さやか
セアがわ_819.jpg,セアがわ
雪御所_2081.jpg,雪御所
やじがゆ_1190.jpg,やじがゆ
ダイオード_2487.jpg,ダイオード
きょういちろう_2870.jpg,きょういちろう
おおりょうじ_973.jpg,おおりょうじ
しんせい_500.jpg,しんせい
ノーウッド_3465.jpg,ノーウッド
てっこうせん_1022.jpg,てっこうせん
ただい_2253.jpg,ただい
さきみ_2077.jpg,さきみ
雨雪_1329.jpg,雨雪
せんひこ_3304.jpg,せんひこ
せいじゅ_48.jpg,せいじゅ
クリぼっち_918.jpg,クリぼっち
勢子_164.jpg,勢子
にゅうかざい_958.jpg,にゅうかざい
とどろきいけ_2344.jpg,とどろきいけ
ひがしそうじ_1303.jpg,ひがしそうじ
西壁_2412.jpg,西壁
祐羽_242.jpg,祐羽
百_77.jpg,百
有之丞_2534.jpg,有之丞
長者鼻_1254.jpg,長者鼻
せいが_1513.jpg,せいが
まどか_2409.jpg,まどか
宗尚_3168.jpg,宗尚
硫黄_440.jpg,硫黄
すざき_2169.jpg,すざき
ステファニスカウコビチ_865.jpg,ステファニスカウコビチ
きわ_924.jpg,きわ
国音字母_47.jpg,国音字母
望佑_94.jpg,望佑
四至_3085.jpg,四至
三石琴乃_3127.jpg,三石琴乃
クロアチア_1378.jpg,クロアチア
普朗_461.jpg,普朗
音川_996.jpg,音川
むせんか_1918.jpg,むせんか
オルブリフスキ_1694.jpg,オルブリフスキ
小野田_1959.jpg,小野田
７_542.jpg,７
せいみつぶんるいたいけい_421.jpg,せいみつぶんるいたいけい
原登_74.jpg,原登
物納_720.jpg,物納
つぼやき_3016.jpg,つぼやき
きよすえせんぼう_3110.jpg,きよすえせんぼう
ほうらいばし_1393.jpg,ほうらいばし
りょうげんじ_120.jpg,りょうげんじ
ユカ_291.jpg,ユカ
前田伸治_782.jpg,前田伸治
しのさき_1809.jpg,しのさき
蕪木_2138.jpg,蕪木
貞澄_2153.jpg,貞澄
みじま_430.jpg,みじま
わこ_1484.jpg,わこ
のぶお_3130.jpg,のぶお
末近谷_3067.jpg,末近谷
陸を行く_1090.jpg,陸を行く
亜巳梨_1933.jpg,亜巳梨
小徳田_305.jpg,小徳田
しもとくさわ_2887.jpg,しもとくさわ
マルピーギかん_3076.jpg,マルピーギかん
ゆく_2335.jpg,ゆく
在国寺_2508.jpg,在国寺
薮渕_3313.jpg,薮渕
き_1169.jpg,き
駄知町_1711.jpg,駄知町
しっしん_65.jpg,しっしん
劔_566.jpg,劔
住_620.jpg,住
みちほ_3124.jpg,みちほ
ずしだな_371.jpg,ずしだな
加里石鹸_1457.jpg,加里石鹸
しおのかんまん_1512.jpg,しおのかんまん
せいさいかん_1247.jpg,せいさいかん
高草木_449.jpg,高草木
久保塚_3464.jpg,久保塚
ベイン_1040.jpg,ベイン
ポーターハウス・ステーキ_561.jpg,ポーターハウス・ステーキ
はじか_2023.jpg,はじか
さつまけんぱちろう_382.jpg,さつまけんぱちろう
たなべじゅんいち_3133.jpg,たなべじゅんいち
千昌_2996.jpg,千昌
せいうえもん_708.jpg,せいうえもん
一つ返事_1930.jpg,一つ返事
ゆきしげ_1850.jpg,ゆきしげ
尾崎将也_402.jpg,尾崎将也
彰君_1774.jpg,彰君
たくの_1531.jpg,たくの
北会津村_1014.jpg,北会津村
とうほくしぜんほどう_3319.jpg,とうほくしぜんほどう
立て網_794.jpg,立て網
かぶかのはんぱつ_2506.jpg,かぶかのはんぱつ
笹ヶ峰隧道_99.jpg,笹ヶ峰隧道
まなみ_2002.jpg,まなみ
コモンウェルスデー_2625.jpg,コモンウェルスデー
みちみち_241.jpg,みちみち
みき_2875.jpg,みき
せんぺい_850.jpg,せんぺい
危険に曝す_3216.jpg,危険に曝す
みゆい_836.jpg,みゆい
機関名_2049.jpg,機関名
昌運_32.jpg,昌運
日比宇川_718.jpg,日比宇川
灰ヶ野_2577.jpg,灰ヶ野
強敵_3292.jpg,強敵
リザルト・コード_2076.jpg,リザルト・コード
大工地_151.jpg,大工地
ＤＶ_2377.jpg,ＤＶ
はかまがさき_1852.jpg,はかまがさき
まえばるし_1306.jpg,まえばるし
村上嵩幸_1452.jpg,村上嵩幸
おおノリ_1450.jpg,おおノリ
いくごし_1488.jpg,いくごし
唐手_33.jpg,唐手
いせせん_3047.jpg,いせせん
永廣_1441.jpg,永廣
レッドフィールド_1032.jpg,レッドフィールド
自閉症協会_1379.jpg,自閉症協会
赤松唯_736.jpg,赤松唯
酵母_639.jpg,酵母
なだ_2190.jpg,なだ
六日_2762.jpg,六日
えんくう_2181.jpg,えんくう
ひんみんがい_1162.jpg,ひんみんがい
ゆかちょう_209.jpg,ゆかちょう
胡摩谷_1867.jpg,胡摩谷
上方修正_2865.jpg,上方修正
房浜_2932.jpg,房浜
麻羽由_307.jpg,麻羽由
きべい_2331.jpg,きべい
さねやな_2562.jpg,さねやな
よしのぶ_1340.jpg,よしのぶ
龍祥寺_1559.jpg,龍祥寺
宮崎国際大学_2387.jpg,宮崎国際大学
あじろ_3346.jpg,あじろ
ヌーリー_1579.jpg,ヌーリー
ひきめかぎばな_3096.jpg,ひきめかぎばな
すかさず_273.jpg,すかさず
どうがやと_2427.jpg,どうがやと
とうもうびょういん_2746.jpg,とうもうびょういん
あきんど_298.jpg,あきんど
さわたりはじめ_2176.jpg,さわたりはじめ
直感_2132.jpg,直感
かいがいのうぎょうかいはつきょうかい_1020.jpg,かいがいのうぎょうかいはつきょうかい
べつじょけん_53.jpg,べつじょけん
扶規瑛_2113.jpg,扶規瑛
真住川_1281.jpg,真住川
江差牛山_1355.jpg,江差牛山
敏久_1235.jpg,敏久
パミッチ_1734.jpg,パミッチ
ひろまさ_2385.jpg,ひろまさ
ぎじゅつがっこう_3203.jpg,ぎじゅつがっこう
たけうらおんせんく_2203.jpg,たけうらおんせんく
しょうかこう_2217.jpg,しょうかこう
プロアクティブ_314.jpg,プロアクティブ
うめはくうともさねくうななかにてんじんねてござる_2411.jpg,うめはくうともさねくうななかにてんじんねてござる
じょじゅつめいしけい_774.jpg,じょじゅつめいしけい
ときのり_108.jpg,ときのり
にちえん_2131.jpg,にちえん
安瑳子_2325.jpg,安瑳子
札峠_2351.jpg,札峠
まんいく_1515.jpg,まんいく
にし_1442.jpg,にし
えまこ_1471.jpg,えまこ
皓市朗_2372.jpg,皓市朗
ファイリングシステム_1268.jpg,ファイリングシステム
丘邊_679.jpg,丘邊
変更履歴_3424.jpg,変更履歴
塔ノ沢山_2593.jpg,塔ノ沢山
寿美_1766.jpg,寿美
巨人_1528.jpg,巨人
尚介_1587.jpg,尚介
東万倉_2757.jpg,東万倉
北大東空港_3268.jpg,北大東空港
琴重朗_2726.jpg,琴重朗
大国_715.jpg,大国
美濃松山_982.jpg,美濃松山
ウィキリークス_2216.jpg,ウィキリークス
津名_1942.jpg,津名
とよたぐんせとだちょう_1744.jpg,とよたぐんせとだちょう
かわらざき_1882.jpg,かわらざき
西ケ谷_1337.jpg,西ケ谷
けいひ_949.jpg,けいひ
ユニオンジャック_2710.jpg,ユニオンジャック
やわたびょうだに_31.jpg,やわたびょうだに
大篠原_2676.jpg,大篠原
シルヴステッド_480.jpg,シルヴステッド
理敏_3231.jpg,理敏
でまるなかごう_2245.jpg,でまるなかごう
春塵_3147.jpg,春塵
みつや_851.jpg,みつや
規義_3275.jpg,規義
恵解山古墳_2489.jpg,恵解山古墳
性交_2581.jpg,性交
テニールス_1439.jpg,テニールス
今福町北免_2005.jpg,今福町北免
もりたがわ_660.jpg,もりたがわ
たきのう_681.jpg,たきのう
よう_1168.jpg,よう
大釈迦川_1719.jpg,大釈迦川
ひきすうキーワード_3035.jpg,ひきすうキーワード
木原文男_2126.jpg,木原文男
ドラグノフ_485.jpg,ドラグノフ
アルトミュンスター_1381.jpg,アルトミュンスター
島嶼_1092.jpg,島嶼
大目_2498.jpg,大目
甲斐美登里_732.jpg,甲斐美登里
こういち_3201.jpg,こういち
あつなり_1632.jpg,あつなり
裕果_3013.jpg,裕果
二士_2706.jpg,二士
安達太良温泉_3158.jpg,安達太良温泉
小尻_796.jpg,小尻
グローレ_693.jpg,グローレ
歳取る_1533.jpg,歳取る
カリフォルニアロール_1629.jpg,カリフォルニアロール
風の松原_2853.jpg,風の松原
羽切_3054.jpg,羽切
今村聡子_505.jpg,今村聡子
なかつのひがし_1143.jpg,なかつのひがし
自力更正_2374.jpg,自力更正
太田陽子_2039.jpg,太田陽子
正三_441.jpg,正三
あきちか_2839.jpg,あきちか
ゴーディン_2109.jpg,ゴーディン
未来音_303.jpg,未来音
こうづ_3366.jpg,こうづ
耕筰_100.jpg,耕筰
ツルワシナイかわ_27.jpg,ツルワシナイかわ
いちよう_974.jpg,いちよう
仙石町_159.jpg,仙石町
宇実絵_2859.jpg,宇実絵
さだとく_2438.jpg,さだとく
ふななみ_110.jpg,ふななみ
あいまた_568.jpg,あいまた
カナダ雁_1624.jpg,カナダ雁
マハナディ川_476.jpg,マハナディ川
網干臨海大橋_1970.jpg,網干臨海大橋
笠嶌_221.jpg,笠嶌
いぼちょうまなご_1904.jpg,いぼちょうまなご
伸史_3199.jpg,伸史
やの_1140.jpg,やの
チングアル_975.jpg,チングアル
おしあげ_2826.jpg,おしあげ
瑠_2775.jpg,瑠
じゅえり_874.jpg,じゅえり
時化_3493.jpg,時化
長山浩巳_150.jpg,長山浩巳
加茂柳橋_3355.jpg,加茂柳橋
うちからふざわ_1209.jpg,うちからふざわ
配合_2022.jpg,配合
銅座町_442.jpg,銅座町
孚彦_1941.jpg,孚彦
クーラーボックス_1107.jpg,クーラーボックス
ぐんしゅうせいたいがく_358.jpg,ぐんしゅうせいたいがく
かみもろ_218.jpg,かみもろ
ひがしまつぞの_3131.jpg,ひがしまつぞの
こくさいでんきつうしんれんごうでんきつうしんひょうじゅんかセクタ_237.jpg,こくさいでんきつうしんれんごうでんきつうしんひょうじゅんかセクタ
たなかよしお_522.jpg,たなかよしお
阿字川_2086.jpg,阿字川
かげやまさとる_541.jpg,かげやまさとる
酸性食品_2299.jpg,酸性食品
つくお_1061.jpg,つくお
バウト_2441.jpg,バウト
おくだきたはなのき_1314.jpg,おくだきたはなのき
さんちゃ_1272.jpg,さんちゃ
種孝_1695.jpg,種孝
佐久間湖_377.jpg,佐久間湖
たいすけ_779.jpg,たいすけ
勁明_7.jpg,勁明
基本給_364.jpg,基本給
徹竜_3.jpg,徹竜
赤坂東町_1064.jpg,赤坂東町
つめきり_0.jpg,つめきり
にぶんざかだに_1380.jpg,にぶんざかだに
しげなり_1745.jpg,しげなり
黒尖鮫_1981.jpg,黒尖鮫
丸山知紗_1138.jpg,丸山知紗
しまつ_52.jpg,しまつ
示偏_2921.jpg,示偏
クラス・ファクトリ_3311.jpg,クラス・ファクトリ
原稿稼ぎ_3286.jpg,原稿稼ぎ
炭谷_2318.jpg,炭谷
ウォーラーステイン_1839.jpg,ウォーラーステイン
さあや_3148.jpg,さあや
東千布_3497.jpg,東千布
そういち_2014.jpg,そういち
憲_3299.jpg,憲
めふゆ_2123.jpg,めふゆ
暁眸_2124.jpg,暁眸
りょう_692.jpg,りょう
幣島_1475.jpg,幣島
どどへい_2584.jpg,どどへい
小さい頃_3086.jpg,小さい頃
よういち_91.jpg,よういち
アポスティユ_930.jpg,アポスティユ
久像_2742.jpg,久像
しんこうひがし_3058.jpg,しんこうひがし
苅又_543.jpg,苅又
シンディング_1873.jpg,シンディング
ふみくに_2099.jpg,ふみくに
そうごりかいをはかる_2142.jpg,そうごりかいをはかる
しらひげはま_2370.jpg,しらひげはま
忠類橋_494.jpg,忠類橋
うすがしき_666.jpg,うすがしき
鉄橋_1145.jpg,鉄橋
しまみや_828.jpg,しまみや
つつの_1396.jpg,つつの
郭智博_2687.jpg,郭智博
鍛冶_3427.jpg,鍛冶
平赤井比良_2684.jpg,平赤井比良
びるがわ_270.jpg,びるがわ
ジャングル・キャット_2237.jpg,ジャングル・キャット
おもてプロセス_808.jpg,おもてプロセス
はっしんげん_1203.jpg,はっしんげん
樹凪_240.jpg,樹凪
高曝山_1749.jpg,高曝山
たていけ_162.jpg,たていけ
こまたかわ_859.jpg,こまたかわ
ちょうなん_1765.jpg,ちょうなん
内堀川_783.jpg,内堀川
鵜瀞_703.jpg,鵜瀞
未奈子_3104.jpg,未奈子
もときかつひで_376.jpg,もときかつひで
敏照_1606.jpg,敏照
ぶたかた_2003.jpg,ぶたかた
勝田中原_657.jpg,勝田中原
あんじょうひとなくあんかうまなし_2254.jpg,あんじょうひとなくあんかうまなし
くにずみ_1028.jpg,くにずみ
藪畔_3343.jpg,藪畔
白箸_2533.jpg,白箸
はやまさんそう_2934.jpg,はやまさんそう
やねん_2401.jpg,やねん
戸尻_911.jpg,戸尻
もずりょうなんちょう_1938.jpg,もずりょうなんちょう
目があう_1152.jpg,目があう
きんごろう_1931.jpg,きんごろう
麻倖_64.jpg,麻倖
伸弥_2495.jpg,伸弥
石龕寺_787.jpg,石龕寺
厳夫_1197.jpg,厳夫
来田_2087.jpg,来田
きょうセラまええき_716.jpg,きょうセラまええき
ちへいせん_988.jpg,ちへいせん
依代_2326.jpg,依代
竹下_1038.jpg,竹下
住友生命_69.jpg,住友生命
こどうきょう_735.jpg,こどうきょう
カキノキ科_2021.jpg,カキノキ科
小手ノ沢_1535.jpg,小手ノ沢
青谷駅_1185.jpg,青谷駅
おなびかわ_1445.jpg,おなびかわ
にくまれっこ_927.jpg,にくまれっこ
なかじまたかす_2681.jpg,なかじまたかす
にゅうかざい_1689.jpg,にゅうかざい
げんよう_1466.jpg,げんよう
平蔵町_3136.jpg,平蔵町
こゆ_807.jpg,こゆ
守司_508.jpg,守司
翠渓_1308.jpg,翠渓
かくしマイク_999.jpg,かくしマイク
喚きたてる_1351.jpg,喚きたてる
月山沢_2381.jpg,月山沢
三輪休雪_2694.jpg,三輪休雪
含油_3212.jpg,含油
柞_3209.jpg,柞
かくねんりょうデブリ_2628.jpg,かくねんりょうデブリ
角園_3420.jpg,角園
御陵谷_3392.jpg,御陵谷
甫鷹_153.jpg,甫鷹
勝負越_829.jpg,勝負越
ふじおかたけお_1194.jpg,ふじおかたけお
誠歩_1414.jpg,誠歩
ブランド商品_2517.jpg,ブランド商品
とくにん_604.jpg,とくにん
たきまさ_1601.jpg,たきまさ
築道_2632.jpg,築道
かみいわと_2108.jpg,かみいわと
勝崎_2468.jpg,勝崎
ほうじがとう_510.jpg,ほうじがとう
波斯菊_2861.jpg,波斯菊
未琴_2785.jpg,未琴
ノースコット_528.jpg,ノースコット
メタファイル記述子_1159.jpg,メタファイル記述子
たまつ_745.jpg,たまつ
るつこ_2873.jpg,るつこ
しやとう_1729.jpg,しやとう
新日本工機工場_984.jpg,新日本工機工場
櫛箱_2668.jpg,櫛箱
亜暉乃_3351.jpg,亜暉乃
けんしようじまえ_1309.jpg,けんしようじまえ
早玖恵_1661.jpg,早玖恵
わでんじやま_3244.jpg,わでんじやま
やおちがわ_2623.jpg,やおちがわ
しんさつだい_1786.jpg,しんさつだい
隅中_3440.jpg,隅中
しらさぎじんじゃ_2970.jpg,しらさぎじんじゃ
かきまる_649.jpg,かきまる
竹千代_2532.jpg,竹千代
二従兄弟_179.jpg,二従兄弟
経距_2230.jpg,経距
クリスチャンフルヒテゴットゲラート_2294.jpg,クリスチャンフルヒテゴットゲラート
まんがか_3433.jpg,まんがか
杉沢_1645.jpg,杉沢
平版_1937.jpg,平版
春心_1790.jpg,春心
あまつひつぎ_3083.jpg,あまつひつぎ
めいす_255.jpg,めいす
たてわきまち_1971.jpg,たてわきまち
音上_3251.jpg,音上
実菜呼_2988.jpg,実菜呼
あさい_3258.jpg,あさい
泰旦_514.jpg,泰旦
菊池郡泗水町_2599.jpg,菊池郡泗水町
ごいぶち_1762.jpg,ごいぶち
ルドルフジュリアーニの_1728.jpg,ルドルフジュリアーニの
こがゴルフじょう_1964.jpg,こがゴルフじょう
松園町_1132.jpg,松園町
おおもりしげかず_1096.jpg,おおもりしげかず
にんじ_3495.jpg,にんじ
愛読書_654.jpg,愛読書
めど_403.jpg,めど
おくら_2144.jpg,おくら
いくえ_791.jpg,いくえ
高清浄度ステンレス鋼_894.jpg,高清浄度ステンレス鋼
敦啓_1791.jpg,敦啓
田井縄_201.jpg,田井縄
なかざき_2486.jpg,なかざき
木路ヶ崎_1708.jpg,木路ヶ崎
光於莉_981.jpg,光於莉
健診_2683.jpg,健診
ヒグナー_1740.jpg,ヒグナー
裕滋_2811.jpg,裕滋
さんぺい_1267.jpg,さんぺい
中稲沢_1990.jpg,中稲沢
やすだまさはる_3436.jpg,やすだまさはる
さくいんせいど_1160.jpg,さくいんせいど
甲ツ藤_3348.jpg,甲ツ藤
こうし_2803.jpg,こうし
さかずきをする_2405.jpg,さかずきをする
裂けやすい_2422.jpg,裂けやすい
岳ヶ沢_136.jpg,岳ヶ沢
ひなる_1530.jpg,ひなる
晃泰_533.jpg,晃泰
きりえ_3484.jpg,きりえ
古川薫_299.jpg,古川薫
たかおき_204.jpg,たかおき
おとごえぬま_2585.jpg,おとごえぬま
幸緒_1527.jpg,幸緒
ひとつぎ_2040.jpg,ひとつぎ
こうしえんたんだい_544.jpg,こうしえんたんだい
剛孝_926.jpg,剛孝
芝原トンネル_2426.jpg,芝原トンネル
さよこ_3001.jpg,さよこ
かはくげき_2314.jpg,かはくげき
内山佳保里_2550.jpg,内山佳保里
過酷尋問_2823.jpg,過酷尋問
れんきとうひょう_173.jpg,れんきとうひょう
野澤量一郎_2037.jpg,野澤量一郎
一誠_2196.jpg,一誠
ゆうせいしゅじゅつ_365.jpg,ゆうせいしゅじゅつ
ボルタでんち_764.jpg,ボルタでんち
のりえ_1980.jpg,のりえ
事_1473.jpg,事
アリストテレスしゅぎ_3492.jpg,アリストテレスしゅぎ
内竃_56.jpg,内竃
幸臣_771.jpg,幸臣
ぬまつ_1669.jpg,ぬまつ
常貞_1636.jpg,常貞
牛ケ首峠_1951.jpg,牛ケ首峠
あらいさる_277.jpg,あらいさる
漆崎_2662.jpg,漆崎
西ノ田_1877.jpg,西ノ田
本城_2608.jpg,本城
おうしの_762.jpg,おうしの
むねたか_2912.jpg,むねたか
堀ノ内町北_2114.jpg,堀ノ内町北
くらじ_491.jpg,くらじ
上絵具那_2038.jpg,上絵具那
見佐田_2538.jpg,見佐田
ひろしまこういきこうえん_214.jpg,ひろしまこういきこうえん
代物弁済_1819.jpg,代物弁済
あかねがとうげ_1253.jpg,あかねがとうげ
すずきうめたろう_2626.jpg,すずきうめたろう
よこそね_1338.jpg,よこそね
まなみ_457.jpg,まなみ
くるまだ_897.jpg,くるまだ
序で_1492.jpg,序で
なまる_3466.jpg,なまる
日原町_1386.jpg,日原町
妙口トンネル_2107.jpg,妙口トンネル
相乃谷_1770.jpg,相乃谷
花柳創依_28.jpg,花柳創依
取り付く_2614.jpg,取り付く
けんこうしゃ_1144.jpg,けんこうしゃ
ドライヴ_2714.jpg,ドライヴ
ケポス_680.jpg,ケポス
えりな_2091.jpg,えりな
せいし_2991.jpg,せいし
あきみひろ_3481.jpg,あきみひろ
百花_1072.jpg,百花
いそのちょう_1801.jpg,いそのちょう
せんきち_1684.jpg,せんきち
げんな_2812.jpg,げんな
羽前豊里駅_574.jpg,羽前豊里駅
荻阪_3270.jpg,荻阪
こうだい_282.jpg,こうだい
米国仲裁協会_1403.jpg,米国仲裁協会
まちだきそじゅうたく_1025.jpg,まちだきそじゅうたく
かおり_2383.jpg,かおり
奥六田_1392.jpg,奥六田
ひとみ_3423.jpg,ひとみ
たかみね_2398.jpg,たかみね
聞き込み_456.jpg,聞き込み
ゆさり_416.jpg,ゆさり
ジャヤスリヤ_971.jpg,ジャヤスリヤ
もう_2461.jpg,もう
しやま_1529.jpg,しやま
無下に_3145.jpg,無下に
市之木場_1504.jpg,市之木場
シルワ川_1035.jpg,シルワ川
翠大橋_871.jpg,翠大橋
山高きが故に貴からず_1799.jpg,山高きが故に貴からず
かみいでい_126.jpg,かみいでい
もりまつ_1289.jpg,もりまつ
あがわさわこ_1371.jpg,あがわさわこ
菅原あずさ_3193.jpg,菅原あずさ
沖野_2276.jpg,沖野
たいげんしゃ_2547.jpg,たいげんしゃ
みき_447.jpg,みき
草代_464.jpg,草代
あずみ_2907.jpg,あずみ
せきたんかがく_1456.jpg,せきたんかがく
ちゅうすうしんけいけいとう_3342.jpg,ちゅうすうしんけいけいとう
チムサこ_1906.jpg,チムサこ
せいしんちゅうおう_3362.jpg,せいしんちゅうおう
出望_147.jpg,出望
ちかもち_1808.jpg,ちかもち
曲新_2885.jpg,曲新
にしつきのき_3459.jpg,にしつきのき
ひでのり_967.jpg,ひでのり
おおえぼし_109.jpg,おおえぼし
西京極徳大寺団子田_781.jpg,西京極徳大寺団子田
ビルダーバック_2456.jpg,ビルダーバック
あかもううい_3156.jpg,あかもううい
しもみずしま_3415.jpg,しもみずしま
ざつのう_2660.jpg,ざつのう
犬鼻峠_278.jpg,犬鼻峠
対本宗訓_3291.jpg,対本宗訓
いそめ_2741.jpg,いそめ
じょうほうぶんせきセンタ_3169.jpg,じょうほうぶんせきセンタ
せかいじん_263.jpg,せかいじん
アンラップ_2042.jpg,アンラップ
世帯主_2556.jpg,世帯主
いきをきる_2199.jpg,いきをきる
うめがはたむこうのち_1547.jpg,うめがはたむこうのち
いずのお_3059.jpg,いずのお
坏_556.jpg,坏
吉蔵_550.jpg,吉蔵
諸藤_2270.jpg,諸藤
なるわ滝_87.jpg,なるわ滝
上鳥羽塔ノ森洲崎町_3322.jpg,上鳥羽塔ノ森洲崎町
なかあにわだ_3186.jpg,なかあにわだ
鈴康寛_3257.jpg,鈴康寛
範定_2473.jpg,範定
日二_216.jpg,日二
みちや_203.jpg,みちや
火入れ_1428.jpg,火入れ
のうねんまち_2285.jpg,のうねんまち
梨_2391.jpg,梨
とねりがわ_941.jpg,とねりがわ
井上有一_3428.jpg,井上有一
いんしょうしゅぎ_3248.jpg,いんしょうしゅぎ
いしはらやすえ_564.jpg,いしはらやすえ
はせがま_2926.jpg,はせがま
良治_1228.jpg,良治
しげとし_1165.jpg,しげとし
さだますみなみ_134.jpg,さだますみなみ
成治_1557.jpg,成治
いおな_117.jpg,いおな
事務量_2373.jpg,事務量
広晴_1074.jpg,広晴
恵瑠咲_3089.jpg,恵瑠咲
端二_1987.jpg,端二
蛯原_2380.jpg,蛯原
とやば_412.jpg,とやば
都規雄_797.jpg,都規雄
海老原喜之助_1750.jpg,海老原喜之助
平中山_761.jpg,平中山
ゆきぎえ_95.jpg,ゆきぎえ
欽明路駅_2817.jpg,欽明路駅
大学病院前_2467.jpg,大学病院前
ふくこ_2491.jpg,ふくこ
公樹子_3052.jpg,公樹子
振子山_3438.jpg,振子山
あくまこ_2435.jpg,あくまこ
御城_50.jpg,御城
たいひ_1767.jpg,たいひ
亜津紀_492.jpg,亜津紀
ゼロキューゼロきんゆう_428.jpg,ゼロキューゼロきんゆう
もえりべつがわ_3091.jpg,もえりべつがわ
あけざわ_1720.jpg,あけざわ
れいゆう_2819.jpg,れいゆう
くりこ_2848.jpg,くりこ
ときよし_557.jpg,ときよし
剃髪_2931.jpg,剃髪
征世_3039.jpg,征世
はなみとうげ_607.jpg,はなみとうげ
無想_2367.jpg,無想
恒蔵_810.jpg,恒蔵
げんいく_1451.jpg,げんいく
唇_2877.jpg,唇
うおのしみず_3487.jpg,うおのしみず
西忠類_2975.jpg,西忠類
太合谷_1496.jpg,太合谷
ふるまき_935.jpg,ふるまき
きたざわバルブこうじょう_2157.jpg,きたざわバルブこうじょう
香山滋_246.jpg,香山滋
りゅうどうぶつ_2316.jpg,りゅうどうぶつ
緬甸_283.jpg,緬甸
きみこ_1623.jpg,きみこ
能楽_1585.jpg,能楽
犬かき_2521.jpg,犬かき
目時_228.jpg,目時
其処ら_2711.jpg,其処ら
章那_1818.jpg,章那
もちにし_2808.jpg,もちにし
続編_2759.jpg,続編
富美野_957.jpg,富美野
のりあき_991.jpg,のりあき
雅兼_806.jpg,雅兼
法動詞_723.jpg,法動詞
錦瀬_2127.jpg,錦瀬
まんあみ_2497.jpg,まんあみ
きっしょういんしんでんさんのだんちょう_3175.jpg,きっしょういんしんでんさんのだんちょう
テン_1917.jpg,テン
さとうみちこ_1957.jpg,さとうみちこ
はつかぜみどり_2481.jpg,はつかぜみどり
ほうしゅばし_2639.jpg,ほうしゅばし
クリストファＮ野澤_1751.jpg,クリストファＮ野澤
さいもん_1578.jpg,さいもん
立石_3003.jpg,立石
章茄_2833.jpg,章茄
木村了_1662.jpg,木村了
惟章_13.jpg,惟章
家嘉_415.jpg,家嘉
昭也_1250.jpg,昭也
神垣_2525.jpg,神垣
さつがい_1112.jpg,さつがい
ν_2909.jpg,ν
きどがみ_665.jpg,きどがみ
としかず_1427.jpg,としかず
スターンズワーフ_687.jpg,スターンズワーフ
長井鶴_2968.jpg,長井鶴
麝香豌豆_3195.jpg,麝香豌豆
これぎり_2982.jpg,これぎり
ソレンツア_1923.jpg,ソレンツア
美奈_3088.jpg,美奈
高度人材_3356.jpg,高度人材
こうた_610.jpg,こうた
山舘_2941.jpg,山舘
昿人_2341.jpg,昿人
くびす_433.jpg,くびす
ウエンチクナイトンネル_249.jpg,ウエンチクナイトンネル
おおのくに_1481.jpg,おおのくに
ただあきら_3470.jpg,ただあきら
たたみべり_250.jpg,たたみべり
いとうみつはる_1167.jpg,いとうみつはる
人面_517.jpg,人面
かずたか_3205.jpg,かずたか
壬午_824.jpg,壬午
のりお_1243.jpg,のりお
糧_2879.jpg,糧
みち_1771.jpg,みち
有未_893.jpg,有未
長良竜東_2998.jpg,長良竜東
マクブリド_1494.jpg,マクブリド
アイエッチ_601.jpg,アイエッチ
まいえ_969.jpg,まいえ
岩次_527.jpg,岩次
にぎた_995.jpg,にぎた
ひらさこ_948.jpg,ひらさこ
坂本_174.jpg,坂本
しょうぶん_1660.jpg,しょうぶん
かみうちいり_2992.jpg,かみうちいり
綺梨_2111.jpg,綺梨
線香代_1430.jpg,線香代
儀久_2610.jpg,儀久
絃香_2827.jpg,絃香
サンピエール・エ・ミクロンとう_1655.jpg,サンピエール・エ・ミクロンとう
角田晃一_355.jpg,角田晃一
せん_1443.jpg,せん
津門住江_1248.jpg,津門住江
かおる_3028.jpg,かおる
カルダモンさんち_933.jpg,カルダモンさんち
しつれいながら_3048.jpg,しつれいながら
美由宇_861.jpg,美由宇
下拾石_1349.jpg,下拾石
七森沢_1104.jpg,七森沢
景親_3162.jpg,景親
メラノサイト_2509.jpg,メラノサイト
実稔_2606.jpg,実稔
アーシング_586.jpg,アーシング
はっしん_2159.jpg,はっしん
幸壱_2275.jpg,幸壱
よしなが_2552.jpg,よしなが
しょうすけ_1470.jpg,しょうすけ
一途_1860.jpg,一途
大安寺旧境内_2987.jpg,大安寺旧境内
さきえ_1887.jpg,さきえ
スペイン領ギニア_2236.jpg,スペイン領ギニア
賀津子_985.jpg,賀津子
せいすけ_3278.jpg,せいすけ
中瀬_1707.jpg,中瀬
カラン_1986.jpg,カラン
英吉利_1469.jpg,英吉利
あつこ_374.jpg,あつこ
マン島語_1461.jpg,マン島語
わきたがわ_1627.jpg,わきたがわ
マジコン_3378.jpg,マジコン
ツァッコーニ_130.jpg,ツァッコーニ
美於_2572.jpg,美於
上田耕一郎_1735.jpg,上田耕一郎
はこつさいぼう_253.jpg,はこつさいぼう
輝秀_1764.jpg,輝秀
磯まつり_423.jpg,磯まつり
いちのえこう_953.jpg,いちのえこう
みとこじま_3287.jpg,みとこじま
ときじんばる_3014.jpg,ときじんばる
きまさ_3422.jpg,きまさ
ひとげ_596.jpg,ひとげ
近藤_3111.jpg,近藤
れいじつ_1181.jpg,れいじつ
せきばらい_2990.jpg,せきばらい
うこんやま_936.jpg,うこんやま
ふたま_2068.jpg,ふたま
思軒_814.jpg,思軒
きはらだに_42.jpg,きはらだに
こぶんじ_1900.jpg,こぶんじ
下土田_93.jpg,下土田
いけみやぐすく_3457.jpg,いけみやぐすく
ぼうどくマスク_1914.jpg,ぼうどくマスク
てつさぶろう_171.jpg,てつさぶろう
あとにひけない_2287.jpg,あとにひけない
さいする_2748.jpg,さいする
東美園町_1920.jpg,東美園町
柳野_2777.jpg,柳野
南兼康町_2607.jpg,南兼康町
みちな_1943.jpg,みちな
きゆこ_866.jpg,きゆこ
ひがしむろらんそう_1651.jpg,ひがしむろらんそう
まきぶち_2605.jpg,まきぶち
いなやす_1935.jpg,いなやす
ばんこんか_626.jpg,ばんこんか
敦沢_840.jpg,敦沢
停年_1215.jpg,停年
瑠太_2416.jpg,瑠太
みんしゅこく_1568.jpg,みんしゅこく
丹生_3007.jpg,丹生
むけいぶんかざい_2407.jpg,むけいぶんかざい
りのは_731.jpg,りのは
猩々紅冠鳥_2631.jpg,猩々紅冠鳥
きたじまようこ_79.jpg,きたじまようこ
新居浜工業高等専門学校_3338.jpg,新居浜工業高等専門学校
そえもの_1521.jpg,そえもの
おのでら_2716.jpg,おのでら
ちしょう_3267.jpg,ちしょう
みお_84.jpg,みお
くわしい_2855.jpg,くわしい
まゆみ_3063.jpg,まゆみ
ベニマザル_1322.jpg,ベニマザル
有罪証拠_2173.jpg,有罪証拠
淦_3284.jpg,淦
きのすけ_3469.jpg,きのすけ
いつく_3475.jpg,いつく
逸緒_2364.jpg,逸緒
羽尾信号場_1855.jpg,羽尾信号場
花泉駅_1286.jpg,花泉駅
香灰_2406.jpg,香灰
大望_2278.jpg,大望
ハインブルク_662.jpg,ハインブルク
機知_1763.jpg,機知
カッコウ_1116.jpg,カッコウ
中_1023.jpg,中
ストリート_3103.jpg,ストリート
長根沢_1021.jpg,長根沢
為留める_1278.jpg,為留める
紅鉛鉱_1230.jpg,紅鉛鉱
松里_795.jpg,松里
たけやす_1577.jpg,たけやす
公器_3100.jpg,公器
せいざわ_788.jpg,せいざわ
冨之_2673.jpg,冨之
浅香の浦_2097.jpg,浅香の浦
天ヶ倉山_2663.jpg,天ヶ倉山
シェラ山地_1773.jpg,シェラ山地
あやかみちょう_2573.jpg,あやかみちょう
里藤_2884.jpg,里藤
リシア輝石_803.jpg,リシア輝石
こいずみちょう_1305.jpg,こいずみちょう
きんこうよさん_1640.jpg,きんこうよさん
直親_3458.jpg,直親
川貫_1911.jpg,川貫
苗保_1094.jpg,苗保
たはらとしひこ_1952.jpg,たはらとしひこ
ひこしまたのくび_2954.jpg,ひこしまたのくび
おもかげやま_2394.jpg,おもかげやま
せいほ_2846.jpg,せいほ
ミン南語_1616.jpg,ミン南語
きみお_691.jpg,きみお
さわえ_3255.jpg,さわえ
範太郎_2454.jpg,範太郎
春目牧場_1373.jpg,春目牧場
枝吉_3180.jpg,枝吉
くすもとがわ_2395.jpg,くすもとがわ
竹代_195.jpg,竹代
嗣大_792.jpg,嗣大
いえかど_394.jpg,いえかど
加工卵_3232.jpg,加工卵
上大榑_2034.jpg,上大榑
甘_2168.jpg,甘
はづかしふるかわ_3262.jpg,はづかしふるかわ
じょせいゆういろんしゃ_509.jpg,じょせいゆういろんしゃ
秀靖_1476.jpg,秀靖
きょうか_1637.jpg,きょうか
佐波_2690.jpg,佐波
１等星_1485.jpg,１等星
こうやま_2290.jpg,こうやま
梶山弘志_462.jpg,梶山弘志
毅士_2442.jpg,毅士
いっちはんてい_1004.jpg,いっちはんてい
叡凜_3238.jpg,叡凜
きげき_1088.jpg,きげき
どうてきルーティング_2182.jpg,どうてきルーティング
虹花_3429.jpg,虹花
そえまつ_2026.jpg,そえまつ
としえ_3405.jpg,としえ
オタモイざわ_1822.jpg,オタモイざわ
邦宏_2841.jpg,邦宏
康佑_3471.jpg,康佑
びろき_2047.jpg,びろき
じゅんぞう_2136.jpg,じゅんぞう
胎内川橋_2939.jpg,胎内川橋
地蔵松_193.jpg,地蔵松
エスクワイア_1205.jpg,エスクワイア
あじろ_2303.jpg,あじろ
付番核_2414.jpg,付番核
牛鶴_1953.jpg,牛鶴
褐色わい星_1121.jpg,褐色わい星
飯牟禮五郎_667.jpg,飯牟禮五郎
衛政_1737.jpg,衛政
なみど_1256.jpg,なみど
三富士_952.jpg,三富士
おくりぬし_614.jpg,おくりぬし
たらしめる_2852.jpg,たらしめる
お母さんっ子_1657.jpg,お母さんっ子
志保利隧道_2339.jpg,志保利隧道
ジョアオドバロス_908.jpg,ジョアオドバロス
フライパン_1236.jpg,フライパン
常葉_248.jpg,常葉
せいしん_2451.jpg,せいしん
とうなか_3055.jpg,とうなか
尭繁_1234.jpg,尭繁
制太朗_2652.jpg,制太朗
まりは_2248.jpg,まりは
真梨瑛_2329.jpg,真梨瑛
諦純_2375.jpg,諦純
はたなか_2916.jpg,はたなか
乗っ取り_3188.jpg,乗っ取り
克美_837.jpg,克美
あずせ_1940.jpg,あずせ
バルデス_388.jpg,バルデス
ほっぴょうよう_2403.jpg,ほっぴょうよう
羽公_3198.jpg,羽公
尋木_2930.jpg,尋木
ながなみ_1984.jpg,ながなみ
まさじ_664.jpg,まさじ
ホーンさんち_116.jpg,ホーンさんち
天柱_3196.jpg,天柱
せらみ_2480.jpg,せらみ
巨商_1218.jpg,巨商
プレスタオル_2306.jpg,プレスタオル
下芦原_900.jpg,下芦原
原田薫_350.jpg,原田薫
かいたくち_1993.jpg,かいたくち
せきち_3276.jpg,せきち
たかむとさん_1177.jpg,たかむとさん
長民_3140.jpg,長民
ふきっさらし_455.jpg,ふきっさらし
ひょっとこ_2924.jpg,ひょっとこ
ほうが_625.jpg,ほうが
しさん_1134.jpg,しさん
おはぎ_1619.jpg,おはぎ
地殻変動_1114.jpg,地殻変動
水濠_3472.jpg,水濠
ほとけじとうげ_1736.jpg,ほとけじとうげ
やましなのみや_1321.jpg,やましなのみや
げんざぶろう_446.jpg,げんざぶろう
なみかわ_2832.jpg,なみかわ
まえほうぎり_3293.jpg,まえほうぎり
えずめ_3074.jpg,えずめ
えみり_2178.jpg,えみり
潮合_1238.jpg,潮合
優晴_3157.jpg,優晴
かけねなし_2952.jpg,かけねなし
うつぼえき_2396.jpg,うつぼえき
亀川浜田町_690.jpg,亀川浜田町
バッテン_1382.jpg,バッテン
乗影_2117.jpg,乗影
歩香里_1973.jpg,歩香里
ガスタルディ_1810.jpg,ガスタルディ
那世_158.jpg,那世
かつのり_2546.jpg,かつのり
海原かなた_1115.jpg,海原かなた
ぼんぼん_3300.jpg,ぼんぼん
云々_1759.jpg,云々
いっきょうたじゃく_1696.jpg,いっきょうたじゃく
あえり_3017.jpg,あえり
犬上郡_937.jpg,犬上郡
哉憂_1949.jpg,哉憂
たかき_738.jpg,たかき
かのうひろよし_875.jpg,かのうひろよし
せんけ_2511.jpg,せんけ
麦夫_3309.jpg,麦夫
夫婦泉_3200.jpg,夫婦泉
しんぴつ_338.jpg,しんぴつ
こうた_1525.jpg,こうた
みずは_2202.jpg,みずは
迂闊_2297.jpg,迂闊
不変費用_2247.jpg,不変費用
向井沢川_436.jpg,向井沢川
バーミヤン_959.jpg,バーミヤン
さいとうちひろ_2140.jpg,さいとうちひろ
むたじり_1656.jpg,むたじり
素破抜き_1211.jpg,素破抜き
志寿歌_2312.jpg,志寿歌
鳥町_1686.jpg,鳥町
みやじゅ_1965.jpg,みやじゅ
かみなめり_2056.jpg,かみなめり
くちだし_2699.jpg,くちだし
吉海_133.jpg,吉海
れいいち_351.jpg,れいいち
ひろえ_2553.jpg,ひろえ
枦野_1117.jpg,枦野
きんすけ_847.jpg,きんすけ
横堀台_3269.jpg,横堀台
ちくごやま_1932.jpg,ちくごやま
ネーティヴ_2439.jpg,ネーティヴ
たっぴ_3183.jpg,たっぴ
どうぜい_2764.jpg,どうぜい
ほんたにさん_2616.jpg,ほんたにさん
おしボタンしき_818.jpg,おしボタンしき
にぎにぎしい_2755.jpg,にぎにぎしい
はな_1584.jpg,はな
ひでい_748.jpg,ひでい
あらどちょうほりめ_1864.jpg,あらどちょうほりめ
ひろよし_2835.jpg,ひろよし
峯之越_1625.jpg,峯之越
せいぎょもじ_1220.jpg,せいぎょもじ
見あたる_309.jpg,見あたる
杭瀬南新町_3376.jpg,杭瀬南新町
ジャンバー・スカート_800.jpg,ジャンバー・スカート
たかし_2019.jpg,たかし
憲紀_3449.jpg,憲紀
そゆ_1200.jpg,そゆ
きたみくにがおかちょう_3444.jpg,きたみくにがおかちょう
ちずよ_1315.jpg,ちずよ
宣佳_2105.jpg,宣佳
初声町三戸_2369.jpg,初声町三戸
ここんみょう_2718.jpg,ここんみょう
いしづな_157.jpg,いしづな
五箇瀬川峡谷_3134.jpg,五箇瀬川峡谷
松前台_3321.jpg,松前台
楡金_2658.jpg,楡金
にのぜん_127.jpg,にのぜん
厚世_1883.jpg,厚世
オタノシケップがわ_1384.jpg,オタノシケップがわ
こくじ_3421.jpg,こくじ
ふくはらともひろ_2336.jpg,ふくはらともひろ
ハナミ_2896.jpg,ハナミ
ひろお_1318.jpg,ひろお
将市朗_1650.jpg,将市朗
マイヤーラルゼン_1311.jpg,マイヤーラルゼン
瑠梨愛_1154.jpg,瑠梨愛
しもトンボさわ_2953.jpg,しもトンボさわ
さみ_898.jpg,さみ
周波数変換所_2784.jpg,周波数変換所
内野崎山_3403.jpg,内野崎山
さえ_3207.jpg,さえ
揚屋_1792.jpg,揚屋
草住町_511.jpg,草住町
サニーレタス_2302.jpg,サニーレタス
つうしんし_3252.jpg,つうしんし
かずのり_1685.jpg,かずのり
熊長_1183.jpg,熊長
子美_668.jpg,子美
西牧之原_1397.jpg,西牧之原
屋鈍_169.jpg,屋鈍
まがりた_868.jpg,まがりた
いいでら_1288.jpg,いいでら
バルコバルガス_813.jpg,バルコバルガス
ライゼリング_2672.jpg,ライゼリング
きりしまゆうすけ_1195.jpg,きりしまゆうすけ
トゥアンハイ_2378.jpg,トゥアンハイ
咲紅子_1459.jpg,咲紅子
小才田_2636.jpg,小才田
まつめい_3375.jpg,まつめい
純三_2984.jpg,純三
キミエ_3301.jpg,キミエ
オノゴロ島_2567.jpg,オノゴロ島
おき_1622.jpg,おき
さんけんや_2139.jpg,さんけんや
ともみ_405.jpg,ともみ
しゅぞう_330.jpg,しゅぞう
ギャバン_1068.jpg,ギャバン
にいやま_2537.jpg,にいやま
たずこ_2595.jpg,たずこ
はなわせ_1899.jpg,はなわせ
たなかはゆま_1897.jpg,たなかはゆま
チェカワ_504.jpg,チェカワ
おしょうだいら_1880.jpg,おしょうだいら
足しになる_1712.jpg,足しになる
うへい_1598.jpg,うへい
えいご_2328.jpg,えいご
岩本_2923.jpg,岩本
洋晶_272.jpg,洋晶
舟_1922.jpg,舟
みしょうばし_1246.jpg,みしょうばし
さわこ_1294.jpg,さわこ
まいたにばし_222.jpg,まいたにばし
佐故龍平_301.jpg,佐故龍平
うのべえき_481.jpg,うのべえき
よしもと_24.jpg,よしもと
ガネット_798.jpg,ガネット
せいじょう_677.jpg,せいじょう
服_2792.jpg,服
なかあさばし_2692.jpg,なかあさばし
宥芽_2876.jpg,宥芽
まお_763.jpg,まお
木畠_1834.jpg,木畠
魔道騎士_656.jpg,魔道騎士
ひねのや_1411.jpg,ひねのや
かずみ_1150.jpg,かずみ
はぶ_2333.jpg,はぶ
耳取_1204.jpg,耳取
みつほ_26.jpg,みつほ
じゅんアリス_2267.jpg,じゅんアリス
博物館_89.jpg,博物館
ここり_3204.jpg,ここり
おぎょうじ_2549.jpg,おぎょうじ
けんぽうじょうのけんり_1415.jpg,けんぽうじょうのけんり
あいせき_182.jpg,あいせき
かみやまなつら_1367.jpg,かみやまなつら
いちぐん_2849.jpg,いちぐん
桃花染_165.jpg,桃花染
商人沢_643.jpg,商人沢
はなもりちょう_175.jpg,はなもりちょう
ういちろう_3400.jpg,ういちろう
答辞_3215.jpg,答辞
カルチャースクール_1282.jpg,カルチャースクール
竹義_3331.jpg,竹義
早雪_335.jpg,早雪
優良品_3075.jpg,優良品
尾越町_495.jpg,尾越町
かめお_700.jpg,かめお
静岡よみうりゴルフ場_2249.jpg,静岡よみうりゴルフ場
みどり_3177.jpg,みどり
しどけない_3397.jpg,しどけない
根宿_3171.jpg,根宿
ゆきしげ_438.jpg,ゆきしげ
前川_1705.jpg,前川
茉亜耶_1312.jpg,茉亜耶
かずよし_327.jpg,かずよし
釜村_1361.jpg,釜村
あかいわだけ_3165.jpg,あかいわだけ
しまもり_3394.jpg,しまもり
右江_3071.jpg,右江
敲森_1027.jpg,敲森
四方谷_1564.jpg,四方谷
ホバーマン_2725.jpg,ホバーマン
かみぬき_1277.jpg,かみぬき
衰勢_8.jpg,衰勢
えりな_234.jpg,えりな
利患子_3408.jpg,利患子
さむね_1214.jpg,さむね
なうち_2431.jpg,なうち
くりみや_1453.jpg,くりみや
木砂雄_1544.jpg,木砂雄
河西俊雄_11.jpg,河西俊雄
あまぎ_1537.jpg,あまぎ
ナーブル_804.jpg,ナーブル
ハズラク_1800.jpg,ハズラク
ニルギリ丘陵_3353.jpg,ニルギリ丘陵
ひのさわ_3332.jpg,ひのさわ
浮心_2305.jpg,浮心
えにか_2613.jpg,えにか
コンテント・ハンドラー_3434.jpg,コンテント・ハンドラー
さくお_1653.jpg,さくお
おおいたけし_578.jpg,おおいたけし
切りまくる_224.jpg,切りまくる
まえいた_138.jpg,まえいた
もとあき_353.jpg,もとあき
絶対知_3029.jpg,絶対知
ヘッジ_3068.jpg,ヘッジ
ばんこふえき_878.jpg,ばんこふえき
大垪和_496.jpg,大垪和
いさのり_1017.jpg,いさのり
靖洋_2.jpg,靖洋
沿革_721.jpg,沿革
ながいそとりこざわ_3125.jpg,ながいそとりこざわ
地頭下_3295.jpg,地頭下
伊藤礼_3143.jpg,伊藤礼
にいざき_2700.jpg,にいざき
琴十_2856.jpg,琴十
千代万代_2064.jpg,千代万代
たいりょう_3450.jpg,たいりょう
やながつぼ_698.jpg,やながつぼ
うりわりにし_659.jpg,うりわりにし
ヒロカネ_1582.jpg,ヒロカネ
大原_141.jpg,大原
殿木原_3435.jpg,殿木原
暢哉_1992.jpg,暢哉
渡久_1641.jpg,渡久
れつこ_2580.jpg,れつこ
まきばの家_1815.jpg,まきばの家
えいりょう_262.jpg,えいりょう
やえ_372.jpg,やえ
サンゲーブリエル_870.jpg,サンゲーブリエル
駿河海_2993.jpg,駿河海
史絵子_3399.jpg,史絵子
小池栄_834.jpg,小池栄
加除_2218.jpg,加除
こうき_638.jpg,こうき
おにはらとうげ_1541.jpg,おにはらとうげ
キラー・アプリケーション_431.jpg,キラー・アプリケーション
やすたか_531.jpg,やすたか
季乃_3461.jpg,季乃
かいぼう_2689.jpg,かいぼう
乱れ撃ち_2476.jpg,乱れ撃ち
とくがわなりあき_1037.jpg,とくがわなりあき
やまふじ_3350.jpg,やまふじ
しきひこ_1613.jpg,しきひこ
ザーヌニ_750.jpg,ザーヌニ
陽依_163.jpg,陽依
ねんりょうゆ_2484.jpg,ねんりょうゆ
いわくらきのちょう_1536.jpg,いわくらきのちょう
さっぽろベイゴルフじょう_2578.jpg,さっぽろベイゴルフじょう
北金ケ沢_889.jpg,北金ケ沢
こうろうしゃ_148.jpg,こうろうしゃ
ほのか_2012.jpg,ほのか
いさみ_843.jpg,いさみ
ひろきよ_3414.jpg,ひろきよ
生天目_194.jpg,生天目
下井草_983.jpg,下井草
ひがしめん_2025.jpg,ひがしめん
ひでつね_243.jpg,ひでつね
百姓一揆_1358.jpg,百姓一揆
子_2274.jpg,子
ふじわら_2890.jpg,ふじわら
神道国際学会_845.jpg,神道国際学会
ゴドウィンオースティン_3151.jpg,ゴドウィンオースティン
おしかどトンネル_571.jpg,おしかどトンネル
池戸川_1879.jpg,池戸川
いずみたゆきや_312.jpg,いずみたゆきや
なほ_482.jpg,なほ
押の田_1065.jpg,押の田
東谷越_1003.jpg,東谷越
結う_3123.jpg,結う
繊維質_2654.jpg,繊維質
みょうけんもり_1024.jpg,みょうけんもり
盛田川_655.jpg,盛田川
みちひろ_2737.jpg,みちひろ
絢乃_2894.jpg,絢乃
知都_2286.jpg,知都
舟見岳_1480.jpg,舟見岳
くじらごえ_2073.jpg,くじらごえ
来賀_3445.jpg,来賀
にゅうざん_1672.jpg,にゅうざん
ひさひら_3069.jpg,ひさひら
データ記述ファイル_490.jpg,データ記述ファイル
ソンホン川_513.jpg,ソンホン川
確かな筋_1019.jpg,確かな筋
走水峠_3393.jpg,走水峠
じゅりあ_1016.jpg,じゅりあ
ファジィりろん_1084.jpg,ファジィりろん
しょうこ_2728.jpg,しょうこ
遊戯銃_1043.jpg,遊戯銃
禎一_2307.jpg,禎一
まかぜ_749.jpg,まかぜ
香音里_2880.jpg,香音里
田中秀昌_429.jpg,田中秀昌
野込_711.jpg,野込
国民保護法_1426.jpg,国民保護法
れいその_1977.jpg,れいその
インフォメーションプロセッシング_670.jpg,インフォメーションプロセッシング
栽培品種_2979.jpg,栽培品種
川中豊町_733.jpg,川中豊町
別府町新野辺_778.jpg,別府町新野辺
円由丹吾_205.jpg,円由丹吾
すのさきじんじゃ_3312.jpg,すのさきじんじゃ
こうせい_2362.jpg,こうせい
りょうはん_2231.jpg,りょうはん
つのにがうり_577.jpg,つのにがうり
かがみづか_333.jpg,かがみづか
永吉中和田_2805.jpg,永吉中和田
でんぱなやつ_3026.jpg,でんぱなやつ
殉職者_1376.jpg,殉職者
まちがいなし_2851.jpg,まちがいなし
なかたじまちょう_2598.jpg,なかたじまちょう
大貫_706.jpg,大貫
いはらぐみ_1213.jpg,いはらぐみ
けんき_2944.jpg,けんき
りこしん_2989.jpg,りこしん
利根川進_2045.jpg,利根川進
長浜湾_2526.jpg,長浜湾
位彦_2845.jpg,位彦
みなもり_3002.jpg,みなもり
衛士野_2096.jpg,衛士野
則夫_904.jpg,則夫
可緒_2348.jpg,可緒
がいこくじんろうどうしゃ_585.jpg,がいこくじんろうどうしゃ
ルーマニヤ_2635.jpg,ルーマニヤ
うねやま_2152.jpg,うねやま
兵庫崎_3404.jpg,兵庫崎
しぜんきゅうようむら_406.jpg,しぜんきゅうようむら
わかはやし_2164.jpg,わかはやし
黒尾丸_3167.jpg,黒尾丸
ひろこ_780.jpg,ひろこ
テレスキャン_1499.jpg,テレスキャン
ゆきお_1273.jpg,ゆきお
まんぜき_3228.jpg,まんぜき
やまいけ_215.jpg,やまいけ
ぬまぐろ_2898.jpg,ぬまぐろ
国由_2359.jpg,国由
ウエスト・サイド_2677.jpg,ウエスト・サイド
きじゅん_2843.jpg,きじゅん
締付_1423.jpg,締付
トイレット・ペーパー_1874.jpg,トイレット・ペーパー
屈折率_1604.jpg,屈折率
エアゾール_356.jpg,エアゾール
さがだいがく_2964.jpg,さがだいがく
昇吉_3388.jpg,昇吉
まさち_2560.jpg,まさち
しょく_2665.jpg,しょく
農家_2559.jpg,農家
ヒカリこ_2470.jpg,ヒカリこ
おしき_539.jpg,おしき
秀胤_2925.jpg,秀胤
幡掛_2867.jpg,幡掛
岳見_805.jpg,岳見
あんず_3114.jpg,あんず
小谷村_2466.jpg,小谷村
石砂_2490.jpg,石砂
いつの_2233.jpg,いつの
ひがしよこぜきちょう_2222.jpg,ひがしよこぜきちょう
未良_2971.jpg,未良
ひざかっくん_744.jpg,ひざかっくん
鏡中条_3358.jpg,鏡中条
重賢_1785.jpg,重賢
徳荒_1432.jpg,徳荒
緋滝沢_3234.jpg,緋滝沢
かみごりょうたて_793.jpg,かみごりょうたて
そた_1514.jpg,そた
あきこ_1091.jpg,あきこ
旦慧_1148.jpg,旦慧
ポンピドゥー_3098.jpg,ポンピドゥー
いしくらまち_3061.jpg,いしくらまち
むかまえ_965.jpg,むかまえ
コナ_44.jpg,コナ
洋モノ_3490.jpg,洋モノ
ビスケーンわん_2847.jpg,ビスケーンわん
ひゅうどう_2066.jpg,ひゅうどう
冠岩_722.jpg,冠岩
けいら_2779.jpg,けいら
玲生_1086.jpg,玲生
パルワン_2501.jpg,パルワン
むじん_489.jpg,むじん
平奧_624.jpg,平奧
潮吹崎_111.jpg,潮吹崎
しょくみん_3122.jpg,しょくみん
何名_2171.jpg,何名
友野_404.jpg,友野
上賀茂藪田_2512.jpg,上賀茂藪田
ルート砂漠_2949.jpg,ルート砂漠
さいがいたいさくほんぶ_1928.jpg,さいがいたいさくほんぶ
まむしどんぶり_3488.jpg,まむしどんぶり
朱優光_1283.jpg,朱優光
奚市朗_2507.jpg,奚市朗
自治省_2180.jpg,自治省
貞任山口牧場_2649.jpg,貞任山口牧場
鍋倉山_3398.jpg,鍋倉山
鉱物資源_3045.jpg,鉱物資源
フレミングズバーグ_1979.jpg,フレミングズバーグ
しゅうよう_2184.jpg,しゅうよう
にわかめくら_3241.jpg,にわかめくら
浪の上_1047.jpg,浪の上
さいじんじゃ_602.jpg,さいじんじゃ
下和白_1296.jpg,下和白
みなみつぼい_1127.jpg,みなみつぼい
どうしゅけいさんきネットワーク_2514.jpg,どうしゅけいさんきネットワーク
あおううらめん_3416.jpg,あおううらめん
そうはイカの金玉_642.jpg,そうはイカの金玉
恒志_2906.jpg,恒志
篤田_2698.jpg,篤田
せいね_2172.jpg,せいね
郷之坪_3050.jpg,郷之坪
ひとなみ_1463.jpg,ひとなみ
朱瑞華_3245.jpg,朱瑞華
こいのたに_2430.jpg,こいのたに
みづさわ_2601.jpg,みづさわ
渓流釣り_2051.jpg,渓流釣り
勝生_2888.jpg,勝生
碩二_104.jpg,碩二
玲仁_1341.jpg,玲仁
みどり_1583.jpg,みどり
ともさだちょう_2596.jpg,ともさだちょう
いくど_310.jpg,いくど
久玉_892.jpg,久玉
ドイツごけん_623.jpg,ドイツごけん
待てば海路の日和あり_2418.jpg,待てば海路の日和あり
奥舎_2813.jpg,奥舎
かやくぐり_3460.jpg,かやくぐり
おおいかわばし_320.jpg,おおいかわばし
堂平山_799.jpg,堂平山
へいし_443.jpg,へいし
酔生_856.jpg,酔生
伊坂町_66.jpg,伊坂町
羽生結弦_3194.jpg,羽生結弦
ゆめこ_1454.jpg,ゆめこ
フェルマのもんだい_1339.jpg,フェルマのもんだい
大畑_2789.jpg,大畑
政敬_2723.jpg,政敬
広永町_786.jpg,広永町
よしまつえき_2868.jpg,よしまつえき
丁亥_1861.jpg,丁亥
方谷駅_729.jpg,方谷駅
ツルゲーネフ_675.jpg,ツルゲーネフ
かこやざん_1348.jpg,かこやざん
いびぐち_1175.jpg,いびぐち
エドマンドチューダー_1781.jpg,エドマンドチューダー
はぎわらさよこ_1714.jpg,はぎわらさよこ
おいしげる_3347.jpg,おいしげる
じょうがしま_2528.jpg,じょうがしま
協定_190.jpg,協定
たつのきんご_323.jpg,たつのきんご
しゅくがしら_3328.jpg,しゅくがしら
持藤田_2074.jpg,持藤田
爽馨_869.jpg,爽馨
詫間_2238.jpg,詫間
倭果名_3005.jpg,倭果名
いつかいちちょうてらだ_555.jpg,いつかいちちょうてらだ
幸福川_454.jpg,幸福川
デューマ_955.jpg,デューマ
唐橋西平垣_1151.jpg,唐橋西平垣
もやもやびょう_1435.jpg,もやもやびょう
パジャマすがた_1487.jpg,パジャマすがた
ルムジン_2918.jpg,ルムジン
下矢治_2914.jpg,下矢治
うえだむちょう_576.jpg,うえだむちょう
淳谷_2205.jpg,淳谷
かわしも_3340.jpg,かわしも
かみにしおつ_1825.jpg,かみにしおつ
西武テーオー前_705.jpg,西武テーオー前
立林山_284.jpg,立林山
レドンダ島_600.jpg,レドンダ島
小桑_2088.jpg,小桑
笠藤_2137.jpg,笠藤
きたはまちゅうがっこうまえ_1122.jpg,きたはまちゅうがっこうまえ
ムサシノ沢_821.jpg,ムサシノ沢
諭里佳_2434.jpg,諭里佳
郷原学びの丘_1057.jpg,郷原学びの丘
まさお_366.jpg,まさお
引き鉄_2727.jpg,引き鉄
将規_2220.jpg,将規
野甫島_362.jpg,野甫島
あい_444.jpg,あい
造形物_516.jpg,造形物
なみわけ_2674.jpg,なみわけ
文書型_3010.jpg,文書型
冴嘉_2061.jpg,冴嘉
しゅうさんかい_3277.jpg,しゅうさんかい
ごうどう_1069.jpg,ごうどう
おもいでのき_2207.jpg,おもいでのき
直巳_1000.jpg,直巳
せきや_1591.jpg,せきや
蒼海_348.jpg,蒼海
田鶴子_1746.jpg,田鶴子
とりのす_1336.jpg,とりのす
かいぎゃくをろうする_2691.jpg,かいぎゃくをろうする
笈瀬町_3382.jpg,笈瀬町
掛入町_256.jpg,掛入町
きこく_3285.jpg,きこく
青竹_3129.jpg,青竹
こぎん_1706.jpg,こぎん
豊田亀市_290.jpg,豊田亀市
決り切った_1078.jpg,決り切った
真耶香_318.jpg,真耶香
人相書_1702.jpg,人相書
美杉野_1490.jpg,美杉野
ひでたけ_70.jpg,ひでたけ
幸乳_2657.jpg,幸乳
プロセス・アカウンティング_452.jpg,プロセス・アカウンティング
あおきたき_368.jpg,あおきたき
森嶌_2638.jpg,森嶌
えりや_239.jpg,えりや
和田峠_453.jpg,和田峠
いがん_2830.jpg,いがん
赳士_1429.jpg,赳士
さきこ_1562.jpg,さきこ
庚申待_3062.jpg,庚申待
みつたに_354.jpg,みつたに
ひょうすけ_2330.jpg,ひょうすけ
らいじんやまこふん_2161.jpg,らいじんやまこふん
おなはまはなばたけ_1742.jpg,おなはまはなばたけ
くのさき_3442.jpg,くのさき
別業_2643.jpg,別業
成浩_1034.jpg,成浩
東長江浦_3222.jpg,東長江浦
厚希_1342.jpg,厚希
ネットワーク・ケーブル_648.jpg,ネットワーク・ケーブル
徳愛_1639.jpg,徳愛
せと_1462.jpg,せと
あやり_1083.jpg,あやり
いちのせ_1012.jpg,いちのせ
清水島_826.jpg,清水島
盾突く_1891.jpg,盾突く
じゅんいちろう_3370.jpg,じゅんいちろう
小谷_2457.jpg,小谷
幸由_1244.jpg,幸由
井之尾_1219.jpg,井之尾
きな_2310.jpg,きな
みなかみちょうしろつき_1760.jpg,みなかみちょうしろつき
中川_747.jpg,中川
リプシッツ_2095.jpg,リプシッツ
花雅里_1593.jpg,花雅里
おさたか_260.jpg,おさたか
じんぜんじよしこ_1543.jpg,じんぜんじよしこ
トランスケイ_1961.jpg,トランスケイ
堰城_1015.jpg,堰城
あかだいら_1402.jpg,あかだいら
せいすいあつ_1563.jpg,せいすいあつ
あかはらきつねざる_1263.jpg,あかはらきつねざる
りょうへい_1675.jpg,りょうへい
静月_1365.jpg,静月
大豆生田_1690.jpg,大豆生田
かおる_2445.jpg,かおる
開秀_1505.jpg,開秀
かずひろ_168.jpg,かずひろ
ますとう_3290.jpg,ますとう
谿雲_183.jpg,谿雲
要領よく_801.jpg,要領よく
二人司_198.jpg,二人司
鍜川_717.jpg,鍜川
しょうすけ_2920.jpg,しょうすけ
おおどうわたしばた_4.jpg,おおどうわたしばた
じゅな_484.jpg,じゅな
かねなが_3046.jpg,かねなが
丈太朗_587.jpg,丈太朗
真利子_2437.jpg,真利子
洞ヶ崎_3297.jpg,洞ヶ崎
加速運動_2175.jpg,加速運動
琉久_635.jpg,琉久
ドッグイヤー_160.jpg,ドッグイヤー
正房_1768.jpg,正房
マシャン_2293.jpg,マシャン
うじやま_1199.jpg,うじやま
黒岩谷_2802.jpg,黒岩谷
栗田谷_212.jpg,栗田谷
物分かりの良い_1479.jpg,物分かりの良い
みなみひしの_2551.jpg,みなみひしの
勝どき駅_812.jpg,勝どき駅
吹場平山_3041.jpg,吹場平山
ゆりえ_939.jpg,ゆりえ
志魯雄_2653.jpg,志魯雄
侘寂_1346.jpg,侘寂
千知里_2494.jpg,千知里
登美雄_2994.jpg,登美雄
よしぬま_1554.jpg,よしぬま
晃衣_2871.jpg,晃衣
家政_842.jpg,家政
すなぜき_3081.jpg,すなぜき
こかくニーズ_1049.jpg,こかくニーズ
ちえみ_914.jpg,ちえみ
輩_584.jpg,輩
葭池_267.jpg,葭池
いわくらひさし_2227.jpg,いわくらひさし
さとう_3337.jpg,さとう
かいえ_3229.jpg,かいえ
ごかつで_2732.jpg,ごかつで
花辺_3237.jpg,花辺
あいおい_319.jpg,あいおい
魔法瓶_853.jpg,魔法瓶
別祖_1325.jpg,別祖
ごしょじんじゃ_756.jpg,ごしょじんじゃ
天覧ヶ丘_45.jpg,天覧ヶ丘
能雄_2770.jpg,能雄
ブレシコフスキー_1362.jpg,ブレシコフスキー
等以_1821.jpg,等以
きさお_2922.jpg,きさお
鞠実_349.jpg,鞠実
磯壁_2094.jpg,磯壁
いけぶくろ_2902.jpg,いけぶくろ
ときさ_1886.jpg,ときさ
しこ_1360.jpg,しこ
きみまち大橋_114.jpg,きみまち大橋
飛影_1845.jpg,飛影
知野弘子_2082.jpg,知野弘子
スルチがわ_1059.jpg,スルチがわ
重手_1279.jpg,重手
板垣真理子_2897.jpg,板垣真理子
伊予立川駅_970.jpg,伊予立川駅
オピリネップ川_427.jpg,オピリネップ川
回し金_1724.jpg,回し金
はくじ_1919.jpg,はくじ
じょうせけいこく_2986.jpg,じょうせけいこく
ちにちは_2712.jpg,ちにちは
ひでお_1398.jpg,ひでお
カバン_790.jpg,カバン
常盤_257.jpg,常盤
寒空_137.jpg,寒空
姥萢_765.jpg,姥萢
身請_1180.jpg,身請
るだ_1518.jpg,るだ
晩ごはん_1909.jpg,晩ごはん
すぐち_2071.jpg,すぐち
ぼしとも_1665.jpg,ぼしとも
能島_1482.jpg,能島
やすもと_1599.jpg,やすもと
シェンリー_581.jpg,シェンリー
ゆたか_38.jpg,ゆたか
いたばしかいたく_2449.jpg,いたばしかいたく
銀市_2115.jpg,銀市
みやむね_23.jpg,みやむね
まつざきかみかねとり_3329.jpg,まつざきかみかねとり
天下一_2118.jpg,天下一
先達_1298.jpg,先達
かずあき_940.jpg,かずあき
ドライブウェイ_3053.jpg,ドライブウェイ
バッカイざわ_296.jpg,バッカイざわ
果沙夫_844.jpg,果沙夫
こじらこ_990.jpg,こじらこ
あしべちょう_1216.jpg,あしべちょう
火村_1996.jpg,火村
ほうきよう_835.jpg,ほうきよう
布浦_910.jpg,布浦
体感温度_1501.jpg,体感温度
マライはんとう_1444.jpg,マライはんとう
こうとうしんけいつう_3371.jpg,こうとうしんけいつう
愛蕗_2200.jpg,愛蕗
けいろく_1571.jpg,けいろく
考古学界_85.jpg,考古学界
榛竹庵_2179.jpg,榛竹庵
てれ隠し_2428.jpg,てれ隠し
たきやまがわ_2044.jpg,たきやまがわ
鉈屋町_1926.jpg,鉈屋町
津貫_2194.jpg,津貫
あゆは_1383.jpg,あゆは
間際_2515.jpg,間際
航海薄明_12.jpg,航海薄明
練美_2350.jpg,練美
がたぐち_532.jpg,がたぐち
金瘡小草_458.jpg,金瘡小草
白鬼茸_2977.jpg,白鬼茸
せいしゅう_1944.jpg,せいしゅう
東川岳_1353.jpg,東川岳
沖男_570.jpg,沖男
屋舗_3210.jpg,屋舗
小中津川_2985.jpg,小中津川
こうえんどおりきた_2778.jpg,こうえんどおりきた
土師方_2955.jpg,土師方
デーキン_3391.jpg,デーキン
きんろ_3452.jpg,きんろ
承り及ぶ_2261.jpg,承り及ぶ
身を立てる_14.jpg,身を立てる
あいみ_2720.jpg,あいみ
にししんかわ_1524.jpg,にししんかわ
りんどく_2858.jpg,りんどく
ゴムボート_1331.jpg,ゴムボート
育敬_1814.jpg,育敬
ずいえい_559.jpg,ずいえい
しんにっぽんかがくこうじょう_370.jpg,しんにっぽんかがくこうじょう
いとうあゆみ_3128.jpg,いとうあゆみ
医者泣かせ_2265.jpg,医者泣かせ
まし_1052.jpg,まし
明達_3365.jpg,明達
那賀川町_3080.jpg,那賀川町
ケリ_245.jpg,ケリ
クリスタルフルーツ_2239.jpg,クリスタルフルーツ
みやこ_2240.jpg,みやこ
神人_448.jpg,神人
内浦町_478.jpg,内浦町
しぶやえき_326.jpg,しぶやえき
小前田駅_515.jpg,小前田駅
日向林_2130.jpg,日向林
竹田盆地_1552.jpg,竹田盆地
しつがいはんしゃ_1747.jpg,しつがいはんしゃ
まごうことなき_1102.jpg,まごうことなき
アーガルチェック_3280.jpg,アーガルチェック
上村西道上_197.jpg,上村西道上
駒ヶ嶽_2946.jpg,駒ヶ嶽
すうパイ_1187.jpg,すうパイ
おおかわどおり_3468.jpg,おおかわどおり
名安呉_1687.jpg,名安呉
杲径_2133.jpg,杲径
ロマンティック_1099.jpg,ロマンティック
戸國_1352.jpg,戸國
有央_191.jpg,有央
としやま_2874.jpg,としやま
井足_759.jpg,井足
カルテル_76.jpg,カルテル
ジュフロワダバンス_1334.jpg,ジュフロワダバンス
しょうす_1137.jpg,しょうす
有美_1147.jpg,有美
登記料_758.jpg,登記料
調整中_3101.jpg,調整中
黒っぽい_1410.jpg,黒っぽい
奉天_1120.jpg,奉天
きむらさちよ_3142.jpg,きむらさちよ
よこれんぼ_180.jpg,よこれんぼ
ていの_1405.jpg,ていの
日鉱_3409.jpg,日鉱
ふ志_380.jpg,ふ志
複数バイト文字_640.jpg,複数バイト文字
城裏_3344.jpg,城裏
ひこえ_1548.jpg,ひこえ
外町_1817.jpg,外町
さだひこ_3448.jpg,さだひこ
かんしょうぎょ_2669.jpg,かんしょうぎょ
ながれげとやま_1366.jpg,ながれげとやま
六輪駅_3254.jpg,六輪駅
基通_630.jpg,基通
あさのめ_2453.jpg,あさのめ
埋田下_2697.jpg,埋田下
よしむね_379.jpg,よしむね
世継ぎ_1407.jpg,世継ぎ
ゆきえ_397.jpg,ゆきえ
位守町_2191.jpg,位守町
八橋運動公園_923.jpg,八橋運動公園
御旨_537.jpg,御旨
井伏鱒二_1947.jpg,井伏鱒二
ウッディウィス_1227.jpg,ウッディウィス
しな_2355.jpg,しな
南光院_1400.jpg,南光院
喜惠_1635.jpg,喜惠
受け狙い_2432.jpg,受け狙い
ザヌーシ_1605.jpg,ザヌーシ
フレンドリ_3090.jpg,フレンドリ
平炉法_3102.jpg,平炉法
ポントス山脈_2471.jpg,ポントス山脈
かんせつか_1589.jpg,かんせつか
神増原_3138.jpg,神増原
花灯籠_740.jpg,花灯籠
星影_2540.jpg,星影
もちきよ_934.jpg,もちきよ
モアヘッド_396.jpg,モアヘッド
こぶんろう_60.jpg,こぶんろう
しらたきえき_62.jpg,しらたきえき
芙紗慧_641.jpg,芙紗慧
きょうご_2448.jpg,きょうご
為合う_3192.jpg,為合う
桧垣_71.jpg,桧垣
上楠_3491.jpg,上楠
缶切り_3335.jpg,缶切り
頌市朗_2065.jpg,頌市朗
なかだけ_2629.jpg,なかだけ
周辺装置_1837.jpg,周辺装置
千家尊福_903.jpg,千家尊福
さんべちょうのじろ_3380.jpg,さんべちょうのじろ
シンジケート_1201.jpg,シンジケート
しのみやみなみがわら_3330.jpg,しのみやみなみがわら
林大_1008.jpg,林大
多上_2317.jpg,多上
ごてんやしき_2408.jpg,ごてんやしき
かめのすけ_2703.jpg,かめのすけ
とんがり帽子_2243.jpg,とんがり帽子
アルマニャック_1670.jpg,アルマニャック
あいせ_565.jpg,あいせ
いやだな_97.jpg,いやだな
有記輔_3480.jpg,有記輔
おおまや_2795.jpg,おおまや
取り逃す_2730.jpg,取り逃す
小鳥遊_2774.jpg,小鳥遊
えいのしん_879.jpg,えいのしん
坂下西_2098.jpg,坂下西
淡河_1969.jpg,淡河
じょうば_1510.jpg,じょうば
かでんしじょうたい_3307.jpg,かでんしじょうたい
えいぞう_78.jpg,えいぞう
アドゥール川_259.jpg,アドゥール川
佐野貴博_192.jpg,佐野貴博
かいふくしゅじゅつ_1831.jpg,かいふくしゅじゅつ
久間田_588.jpg,久間田
めら_1652.jpg,めら
タイタイ_2502.jpg,タイタイ
フィロデンドロン_3446.jpg,フィロデンドロン
東笠松_2450.jpg,東笠松
いってんもの_57.jpg,いってんもの
そひあ_2007.jpg,そひあ
中神英子_854.jpg,中神英子
おかきた_1070.jpg,おかきた
るみ_2301.jpg,るみ
汀紗_921.jpg,汀紗
郡司_702.jpg,郡司
海来奈_437.jpg,海来奈
あねはばし_125.jpg,あねはばし
まもり_2744.jpg,まもり
容器_1994.jpg,容器
ぜんさい_1853.jpg,ぜんさい
ベイズこ_3227.jpg,ベイズこ
よしき_413.jpg,よしき
秋園美緒_1561.jpg,秋園美緒
ようぎょうしけんじょう_2252.jpg,ようぎょうしけんじょう
ひみつをもらす_3066.jpg,ひみつをもらす
みなみこうやちょう_1648.jpg,みなみこうやちょう
中宮西之_1769.jpg,中宮西之
かみいけでら_3407.jpg,かみいけでら
きしゅそきん_3185.jpg,きしゅそきん
山端大君_146.jpg,山端大君
酒勾_689.jpg,酒勾
実菜樹_1988.jpg,実菜樹
法螺話_2869.jpg,法螺話
小東_83.jpg,小東
迷演_1962.jpg,迷演
がくお_2084.jpg,がくお
芦安温泉_2188.jpg,芦安温泉
おおさとぼくじょう_2542.jpg,おおさとぼくじょう
しんほこうじ_1836.jpg,しんほこうじ
みはらちょう_1098.jpg,みはらちょう
まあらいど_1573.jpg,まあらいど
中湧別_1664.jpg,中湧別
ほこりっぽい_2539.jpg,ほこりっぽい
清田_1733.jpg,清田
名古屋造形芸術大学_487.jpg,名古屋造形芸術大学
ブール演算子_3418.jpg,ブール演算子
でるところにでる_2120.jpg,でるところにでる
白華_746.jpg,白華
森崎香織_1508.jpg,森崎香織
さつき_589.jpg,さつき
ネイビーブルー_122.jpg,ネイビーブルー
へんい_2821.jpg,へんい
衣厘_2966.jpg,衣厘
さいうち_2745.jpg,さいうち
天狗になる_2566.jpg,天狗になる
たくや_737.jpg,たくや
ポルタメント_418.jpg,ポルタメント
ハーセン_1232.jpg,ハーセン
じゅんのすけ_1566.jpg,じゅんのすけ
かみみね_258.jpg,かみみね
一乗_274.jpg,一乗
クロマトグラフィー_3402.jpg,クロマトグラフィー
ニュースフィード_2722.jpg,ニュースフィード
イー_235.jpg,イー
じんせいじ_2093.jpg,じんせいじ
義清_2611.jpg,義清
かやぎ_3233.jpg,かやぎ
おおいでと_3246.jpg,おおいでと
亜麻菜_2419.jpg,亜麻菜
ひがしほうしゅばな_2825.jpg,ひがしほうしゅばな
悪法師_743.jpg,悪法師
肝斑_891.jpg,肝斑
卒寿_1129.jpg,卒寿
くすか_754.jpg,くすか
モサンデル_644.jpg,モサンデル
たのもと_917.jpg,たのもと
里那_2864.jpg,里那
サマー・ストック_1081.jpg,サマー・ストック
小瀬沢川_2583.jpg,小瀬沢川
優衣彩_3044.jpg,優衣彩
押し黙る_2343.jpg,押し黙る
のうみどうあと_1854.jpg,のうみどうあと
わだよしもりきゅうりひ_2772.jpg,わだよしもりきゅうりひ
豊春駅_1828.jpg,豊春駅
マルコーニ_2337.jpg,マルコーニ
むらくのちょうなかはら_1172.jpg,むらくのちょうなかはら
ふるいど_2678.jpg,ふるいど
中村音子_802.jpg,中村音子
しもじょうしんいちろう_525.jpg,しもじょうしんいちろう
ためがき_1237.jpg,ためがき
河原鳩_3037.jpg,河原鳩
クソニンジン_3367.jpg,クソニンジン
しょういちろう_2824.jpg,しょういちろう
さだかず_3410.jpg,さだかず
にしきょうごくひがしなかじま_1310.jpg,にしきょうごくひがしなかじま
衣かつぎ_252.jpg,衣かつぎ
かねこざか_1103.jpg,かねこざか
うまこし_825.jpg,うまこし
ちょうりじっしゅう_2258.jpg,ちょうりじっしゅう
みっかびせいねんのいえ_977.jpg,みっかびせいねんのいえ
さんば_3176.jpg,さんば
知手浜_2709.jpg,知手浜
いではら_1460.jpg,いではら
金物_1062.jpg,金物
橋吾_2800.jpg,橋吾
恒温動物_1395.jpg,恒温動物
楽田一色浦_1419.jpg,楽田一色浦
中野史祥_1089.jpg,中野史祥
くろはらたちばなちょう_200.jpg,くろはらたちばなちょう
ろうせっぷがわ_734.jpg,ろうせっぷがわ
にらいとうげ_548.jpg,にらいとうげ
田井戸_3239.jpg,田井戸
漏れ_98.jpg,漏れ
二水_951.jpg,二水
ひろとくまるちょう_3361.jpg,ひろとくまるちょう
令未奈_129.jpg,令未奈
睦都美_1975.jpg,睦都美
慎久_3496.jpg,慎久
上賀茂女夫岩_1838.jpg,上賀茂女夫岩
あらおし_3087.jpg,あらおし
てい_1425.jpg,てい
かずとき_2766.jpg,かずとき
ザイン_2624.jpg,ザイン
羽黒_1364.jpg,羽黒
異型大動脈縮窄症_3027.jpg,異型大動脈縮窄症
そくりょうほう_2075.jpg,そくりょうほう
淵本_1542.jpg,淵本
みさこ_2671.jpg,みさこ
しらいしふゆみ_166.jpg,しらいしふゆみ
かずなり_1133.jpg,かずなり
書き役_1596.jpg,書き役
峰次_1608.jpg,峰次
頓原_817.jpg,頓原
堀峰_2349.jpg,堀峰
数札_909.jpg,数札
えつこ_2263.jpg,えつこ
千萩_1614.jpg,千萩
にししょろにしよんじょうみなみ_20.jpg,にししょろにしよんじょうみなみ
めんどうをかける_1644.jpg,めんどうをかける
かみいさざわ_2647.jpg,かみいさざわ
金保_140.jpg,金保
ばっし_2363.jpg,ばっし
一年_1041.jpg,一年
クレラー_2675.jpg,クレラー
隠野_1455.jpg,隠野
薔司_2667.jpg,薔司
向桑畑_3141.jpg,向桑畑
桜尾本_3040.jpg,桜尾本
春光町二区五条_1612.jpg,春光町二区五条
としひら_1963.jpg,としひら
リウチョウ_1262.jpg,リウチョウ
たちの悪い_3417.jpg,たちの悪い
開始時刻_860.jpg,開始時刻
ふていきけい_613.jpg,ふていきけい
姥袋_2060.jpg,姥袋
恵子_3263.jpg,恵子
晨子_3153.jpg,晨子
はっこうでんいけ_3065.jpg,はっこうでんいけ
きょうすけ_2594.jpg,きょうすけ
ミーティングルーム_2787.jpg,ミーティングルーム
ルピア_1249.jpg,ルピア
ろくたろう_2883.jpg,ろくたろう
けっきんりつ_2809.jpg,けっきんりつ
東大杉町_313.jpg,東大杉町
たいほう_1693.jpg,たいほう
いそんだにみなみまた_154.jpg,いそんだにみなみまた
かげのないかく_1826.jpg,かげのないかく
住囲_2192.jpg,住囲
もか_3073.jpg,もか
遮断壁_2782.jpg,遮断壁
れい_2535.jpg,れい
郁味_709.jpg,郁味
きょうそん_1856.jpg,きょうそん
桃木沢_2617.jpg,桃木沢
苅森_1881.jpg,苅森
まさかず_161.jpg,まさかず
にのうじだけ_2612.jpg,にのうじだけ
つねへい_3272.jpg,つねへい
隍_1222.jpg,隍
風稀_1901.jpg,風稀
まあき_1142.jpg,まあき
はっとり_18.jpg,はっとり
もりが_621.jpg,もりが
健_3057.jpg,健
くわば_385.jpg,くわば
ありい_2433.jpg,ありい
裁判員制度_409.jpg,裁判員制度
篠ヶ森_2332.jpg,篠ヶ森
パラチフスきん_846.jpg,パラチフスきん
のりごこち_2860.jpg,のりごこち
ゲーズフォード_210.jpg,ゲーズフォード
こうしょう_2980.jpg,こうしょう
好間工業団地_2786.jpg,好間工業団地
コクチマス属_2187.jpg,コクチマス属
差向かう_1111.jpg,差向かう
たけがわうちした_2423.jpg,たけがわうちした
道正町_701.jpg,道正町
とうや_1862.jpg,とうや
颯愛_2576.jpg,颯愛
有香梨_1908.jpg,有香梨
地保_2382.jpg,地保
いちおくそうちゅうりゅう_1716.jpg,いちおくそうちゅうりゅう
鍋島茂尚_1929.jpg,鍋島茂尚
ひがしいややま_1576.jpg,ひがしいややま
一亜_434.jpg,一亜
袖東_1224.jpg,袖東
初吾郎_2170.jpg,初吾郎
矢和多_1085.jpg,矢和多
頂上宿舎_3132.jpg,頂上宿舎
ともすけ_2908.jpg,ともすけ
転移酵素_2707.jpg,転移酵素
おとめ_2597.jpg,おとめ
こうきた_1526.jpg,こうきた
やすぞう_2794.jpg,やすぞう
萌萌華_1841.jpg,萌萌華
ルオ_3474.jpg,ルオ
いちじきおく_947.jpg,いちじきおく
しもじままち_2016.jpg,しもじままち
おかみぶち_608.jpg,おかみぶち
オンデマンド_199.jpg,オンデマンド
こやぐちたけひろ_1076.jpg,こやぐちたけひろ
なかのどおり_3022.jpg,なかのどおり
樹香_2618.jpg,樹香
利歩_408.jpg,利歩
つらのかわがあつい_3042.jpg,つらのかわがあつい
愛佳_1954.jpg,愛佳
会津坂下町_188.jpg,会津坂下町
灯映子_1995.jpg,灯映子
屋嘉比_3211.jpg,屋嘉比
じんちょう_2392.jpg,じんちょう
恵忍_1795.jpg,恵忍
識_3184.jpg,識
たんおや_2756.jpg,たんおや
きたぐんま_3426.jpg,きたぐんま
高良聖_145.jpg,高良聖
水葬_233.jpg,水葬
蔵本由紀_2156.jpg,蔵本由紀
ペリー山脈_3385.jpg,ペリー山脈
大師堂_387.jpg,大師堂
クレヴノ_1851.jpg,クレヴノ
貴志生_2459.jpg,貴志生
しゅうぎいんうんえいいいんかい_1813.jpg,しゅうぎいんうんえいいいんかい
多次貝_2854.jpg,多次貝
美唄_3256.jpg,美唄
なかぜんじ_2186.jpg,なかぜんじ
じんけい_925.jpg,じんけい
パイがわ_863.jpg,パイがわ
生座本_943.jpg,生座本
美智代_1.jpg,美智代
中網代_2393.jpg,中網代
イメージ・アップ_2353.jpg,イメージ・アップ
こうぞう_435.jpg,こうぞう
つのいがわ_25.jpg,つのいがわ
百史_524.jpg,百史
紘香_2165.jpg,紘香
えかい_1350.jpg,えかい
くろさきしもぐろさきごう_3384.jpg,くろさきしもぐろさきごう
段山本_2664.jpg,段山本
しゃくしばえ_1713.jpg,しゃくしばえ
おさひこ_3379.jpg,おさひこ
レジストリ・エディタ_3025.jpg,レジストリ・エディタ
このか_1895.jpg,このか
しょういちろう_929.jpg,しょういちろう
明衣花_2315.jpg,明衣花
祐允_725.jpg,祐允
ちなぎ_1302.jpg,ちなぎ
谷山温泉_103.jpg,谷山温泉
へだて_1835.jpg,へだて
座が白ける_2670.jpg,座が白ける
プレザンス_2128.jpg,プレザンス
誇々彩_3077.jpg,誇々彩
きりやまきよすみ_2250.jpg,きりやまきよすみ
かんいち_674.jpg,かんいち
とぎのじょうやま_669.jpg,とぎのじょうやま
メーリング_2615.jpg,メーリング
みぶふちだ_2462.jpg,みぶふちだ
箕造_1333.jpg,箕造
阿哲郡哲西町_2702.jpg,阿哲郡哲西町
常の松_3008.jpg,常の松
ぞうがたき_506.jpg,ぞうがたき
しょうこうだ_2440.jpg,しょうこうだ
ふじまむらさき_590.jpg,ふじまむらさき
良敬_3320.jpg,良敬
きたうら_1830.jpg,きたうら
ちょうりんとうせん_1156.jpg,ちょうりんとうせん
篤子_1927.jpg,篤子
土渕_3139.jpg,土渕
さとふみ_2092.jpg,さとふみ
インクブロットテスト_1009.jpg,インクブロットテスト
ひじりだいらごや_1058.jpg,ひじりだいらごや
かみのやま_2185.jpg,かみのやま
ならべかえる_2054.jpg,ならべかえる
いっきょく_1567.jpg,いっきょく
かわど_599.jpg,かわど
おおつきたかひろ_1005.jpg,おおつきたかひろ
沢先_381.jpg,沢先
ファイニンガー_1390.jpg,ファイニンガー
えみか_1721.jpg,えみか
清心_1054.jpg,清心
気は持ち様_2162.jpg,気は持ち様
さよ_1328.jpg,さよ
かげきよやま_1370.jpg,かげきよやま
ステンマン_2893.jpg,ステンマン
けいいちろう_1550.jpg,けいいちろう
えいせいたい_1698.jpg,えいせいたい
ほりありがたけ_2135.jpg,ほりありがたけ
もえこ_3173.jpg,もえこ
まきたきよあき_2842.jpg,まきたきよあき
段林和江_757.jpg,段林和江
教誓_1389.jpg,教誓
まつがこう_841.jpg,まつがこう
美智雄_3345.jpg,美智雄
かりな_331.jpg,かりな
スパイクリー_1503.jpg,スパイクリー
孫六町_1709.jpg,孫六町
己子_2001.jpg,己子
鍋嶋_1633.jpg,鍋嶋
なごみ_2036.jpg,なごみ
必須条件_1546.jpg,必須条件
しずいちのなか_220.jpg,しずいちのなか
こよなし_3023.jpg,こよなし
粥倉_483.jpg,粥倉
ちょうり_450.jpg,ちょうり
スタンリー_1916.jpg,スタンリー
杏綾_3224.jpg,杏綾
叡子_922.jpg,叡子
こうし_2548.jpg,こうし
小林元_905.jpg,小林元
うた_526.jpg,うた
網掛橋_1093.jpg,網掛橋
ケータイ小説_68.jpg,ケータイ小説
にやま_2292.jpg,にやま
きんこつ_2284.jpg,きんこつ
おおどやだけ_2704.jpg,おおどやだけ
鋭吉_3235.jpg,鋭吉
みのり_128.jpg,みのり
益子_1590.jpg,益子
りかよ_1848.jpg,りかよ
きぬがわ_1691.jpg,きぬがわ
種武_2637.jpg,種武
きしもとゆういち_931.jpg,きしもとゆういち
大所_896.jpg,大所
萱山_1006.jpg,萱山
まなみ_2119.jpg,まなみ
安西橋_956.jpg,安西橋
かりぐちだい_1570.jpg,かりぐちだい
きたいぬい_1178.jpg,きたいぬい
珠巳_3479.jpg,珠巳
共和政_2555.jpg,共和政
吹切_2791.jpg,吹切
修一郎_54.jpg,修一郎
バエペンジ_123.jpg,バエペンジ
綜訓_2557.jpg,綜訓
かくふじ_2206.jpg,かくふじ
張る_676.jpg,張る
マルムスティーン_2621.jpg,マルムスティーン
こにしまさこ_311.jpg,こにしまさこ
玉依_285.jpg,玉依
金馬場町_308.jpg,金馬場町
みゆきちょうもりわき_2424.jpg,みゆきちょうもりわき
リオグランデ・ド・ノルテ_2089.jpg,リオグランデ・ド・ノルテ
ふきのだい_1646.jpg,ふきのだい
かなまちじょうすいじょう_1500.jpg,かなまちじょうすいじょう
義允_3155.jpg,義允
糖毒性_2768.jpg,糖毒性
コールバック_1007.jpg,コールバック
底土_3296.jpg,底土
近江_2565.jpg,近江
博凡_3264.jpg,博凡
やどこ_2750.jpg,やどこ
ちょうぞく_3247.jpg,ちょうぞく
じゅんそんしつ_3494.jpg,じゅんそんしつ
憂貴絵_2713.jpg,憂貴絵
モジャービー_2444.jpg,モジャービー
サンタ・マリア・マッジョーレ教会_637.jpg,サンタ・マリア・マッジョーレ教会
きたあそう_1679.jpg,きたあそう
プラークリット_407.jpg,プラークリット
もとえ_207.jpg,もとえ
かわさき_1611.jpg,かわさき
繰子_549.jpg,繰子
つぐろう_651.jpg,つぐろう
梅戸北_1617.jpg,梅戸北
しょめいなついん_2733.jpg,しょめいなついん
新着情報_3033.jpg,新着情報
恋女房_3401.jpg,恋女房
耕人_2505.jpg,耕人
衣張山_646.jpg,衣張山
乙師_2384.jpg,乙師
うおざき_1857.jpg,うおざき
鳳_316.jpg,鳳
田岡由伎_1108.jpg,田岡由伎
津奈木_2085.jpg,津奈木
ガードン_1387.jpg,ガードン
実作_1680.jpg,実作
ピーさんシー_2889.jpg,ピーさんシー
旧舘_3190.jpg,旧舘
宇栄_265.jpg,宇栄
はやしかずこ_1275.jpg,はやしかずこ
きたぐんいかざきちょう_2323.jpg,きたぐんいかざきちょう
しんな_213.jpg,しんな
ますだよしのぶ_2125.jpg,ますだよしのぶ
むかいじましもの_961.jpg,むかいじましもの
栄久_15.jpg,栄久
九五_1048.jpg,九五
下山坂_401.jpg,下山坂
さきね_650.jpg,さきね
かわへび_2937.jpg,かわへび
ベロオリゾンテ_143.jpg,ベロオリゾンテ
弘信_1902.jpg,弘信
上田英夫_2379.jpg,上田英夫
大円_2069.jpg,大円
乙卯_1896.jpg,乙卯
宮前_2579.jpg,宮前
単_2844.jpg,単
久保貝戸_755.jpg,久保貝戸
ボンドク岬_2972.jpg,ボンドク岬
石戸内_424.jpg,石戸内
がんぎ_3121.jpg,がんぎ
いずみちゅうおう_3187.jpg,いずみちゅうおう
美主子_2569.jpg,美主子
だいいちばちょう_1495.jpg,だいいちばちょう
静華_1106.jpg,静華
デラニー_2776.jpg,デラニー
かけはし_742.jpg,かけはし
河芸町_2603.jpg,河芸町
プログラム仕様_1417.jpg,プログラム仕様
スワスモア_2818.jpg,スワスモア
砂沼新田_1634.jpg,砂沼新田
稙長_598.jpg,稙長
あゆみ_3020.jpg,あゆみ
まついひでき_1925.jpg,まついひでき
きょうしょうじ_2352.jpg,きょうしょうじ
きょうどういっち_280.jpg,きょうどういっち
やまのべたにがわ_1184.jpg,やまのべたにがわ
みさと_3260.jpg,みさと
みつむね_3097.jpg,みつむね
てんたいかく_2783.jpg,てんたいかく
小布施橋_2298.jpg,小布施橋
惣浜_1330.jpg,惣浜
うとうし_551.jpg,うとうし
麻雪_3271.jpg,麻雪
あきほ_2043.jpg,あきほ
つつがない_1291.jpg,つつがない
こうしろう_1991.jpg,こうしろう
シューかわ_1044.jpg,シューかわ
アドミッション・オフィス_1620.jpg,アドミッション・オフィス
佐渡山_3259.jpg,佐渡山
零一_2460.jpg,零一
みどこうち_488.jpg,みどこうち
猪早_512.jpg,猪早
自国民_395.jpg,自国民
くえん_2634.jpg,くえん
そとみ_3137.jpg,そとみ
かみなかかわら_2041.jpg,かみなかかわら
功労金_1039.jpg,功労金
布由美_3325.jpg,布由美
覺鑁_2224.jpg,覺鑁
ドージラーダ_345.jpg,ドージラーダ
八千代台北_2806.jpg,八千代台北
マニトバ_3305.jpg,マニトバ
蕨草_3369.jpg,蕨草
かがみはた_343.jpg,かがみはた
やまじとおる_2935.jpg,やまじとおる
イベント・クラス_1196.jpg,イベント・クラス
也奈_2729.jpg,也奈
おうきゅうそち_3283.jpg,おうきゅうそち
郁朗_2522.jpg,郁朗
土浦千代田工業団地_1824.jpg,土浦千代田工業団地
にしこうやだけ_2650.jpg,にしこうやだけ
大統領布告_1166.jpg,大統領布告
社三雄_499.jpg,社三雄
やつが_1486.jpg,やつが
賀露_1615.jpg,賀露
せいどく_67.jpg,せいどく
信倚_2145.jpg,信倚
ぼうみん_2321.jpg,ぼうみん
としょ_2402.jpg,としょ
からさこ_1101.jpg,からさこ
土佐白浜_1683.jpg,土佐白浜
伊菜穂_2740.jpg,伊菜穂
あやまちりょう_631.jpg,あやまちりょう
康七_1678.jpg,康七
訓子_3197.jpg,訓子
薫留美_1374.jpg,薫留美
やっとの思いで_1621.jpg,やっとの思いで
とくどう_645.jpg,とくどう
スシオ川_1829.jpg,スシオ川
ようしゅん_2195.jpg,ようしゅん
とのかいと_2421.jpg,とのかいと
掩護_2197.jpg,掩護
あしがかり_3004.jpg,あしがかり
かこ_993.jpg,かこ
継野_1788.jpg,継野
ラーフェンスブルク_1658.jpg,ラーフェンスブルク
暴雨_767.jpg,暴雨
おおがわらまち_1688.jpg,おおがわらまち
槻田川_2006.jpg,槻田川
彫彦_2519.jpg,彫彦
泰行_1067.jpg,泰行
誉士太_1958.jpg,誉士太
一生_1157.jpg,一生
ここな_2479.jpg,ここな
焼け落ちる_230.jpg,焼け落ちる
宇郎_3206.jpg,宇郎
村井克行_3341.jpg,村井克行
水辺_3018.jpg,水辺
縦堀_2815.jpg,縦堀
コルバチョフ_2829.jpg,コルバチョフ
ブイディーエスエル_768.jpg,ブイディーエスエル
畠山鎮_1704.jpg,畠山鎮
しょうけんとりひきとうかんしいいんかい_1609.jpg,しょうけんとりひきとうかんしいいんかい
けびき_393.jpg,けびき
とおがねとうげ_2882.jpg,とおがねとうげ
伊快_232.jpg,伊快
とくあいトンネル_1697.jpg,とくあいトンネル
あおきゆうじ_217.jpg,あおきゆうじ
急行停車駅_950.jpg,急行停車駅
水温_777.jpg,水温
南二日町_1978.jpg,南二日町
ジョンアシュクロフト_1820.jpg,ジョンアシュクロフト
刷り師_2154.jpg,刷り師
しょくぎょうがら_1082.jpg,しょくぎょうがら
なわてちょうもと_1849.jpg,なわてちょうもと
ざいりゅうカード_225.jpg,ざいりゅうカード
どすじ_2121.jpg,どすじ
板屋町浜松アクトタワー_1110.jpg,板屋町浜松アクトタワー
京成八幡_1748.jpg,京成八幡
周彦_1907.jpg,周彦
すけじろうあき_3218.jpg,すけじろうあき
おいかまないぬま_3441.jpg,おいかまないぬま
夜明上町_1671.jpg,夜明上町
よしぞう_2633.jpg,よしぞう
かみおおのごう_1913.jpg,かみおおのごう
いいひをえらぶ_3219.jpg,いいひをえらぶ
ひのでだい_3093.jpg,ひのでだい
ふしんし_1960.jpg,ふしんし
はやとみ_2469.jpg,はやとみ
メンツェル_1955.jpg,メンツェル
友加子_2415.jpg,友加子
クエンカ山地_1667.jpg,クエンカ山地
連鎖群_3250.jpg,連鎖群
やすなみ_1989.jpg,やすなみ
じんちょう_2816.jpg,じんちょう
あきら_475.jpg,あきら
五三雄_1369.jpg,五三雄
あかざき_1603.jpg,あかざき
南堂_2967.jpg,南堂
くだりかいだん_523.jpg,くだりかいだん
墾広_1967.jpg,墾広
七日_2600.jpg,七日
もりわきだに_1130.jpg,もりわきだに
瀬城_1029.jpg,瀬城
たいせんせいせき_1292.jpg,たいせんせいせき
こさんだ_1534.jpg,こさんだ
よしみ_2009.jpg,よしみ
せーら_1936.jpg,せーら
かまい_2277.jpg,かまい
あやみ_1063.jpg,あやみ
善丸_2443.jpg,善丸
りんしょうしけんがっかい_2272.jpg,りんしょうしけんがっかい
梟首_919.jpg,梟首
うしろこて_2030.jpg,うしろこて
御国言葉_2688.jpg,御国言葉
ふじみこうえん_987.jpg,ふじみこうえん
市靖_30.jpg,市靖
めいこう_3289.jpg,めいこう
良公秀_3034.jpg,良公秀
拓郎_124.jpg,拓郎
田嘉_1301.jpg,田嘉
あみこ_2933.jpg,あみこ
明の明星_363.jpg,明の明星
アメラグ_3202.jpg,アメラグ
竪本_2685.jpg,竪本
やすみ_3115.jpg,やすみ
ペイシストラトス_1050.jpg,ペイシストラトス
としえ_2696.jpg,としえ
かえい_328.jpg,かえい
かおあく_887.jpg,かおあく
としひろ_751.jpg,としひろ
ほらぐさ_1285.jpg,ほらぐさ
くやみじょう_439.jpg,くやみじょう
ライヘンバハ_2288.jpg,ライヘンバハ
サナギだき_554.jpg,サナギだき
ほんのう_2828.jpg,ほんのう
かめとくこう_1520.jpg,かめとくこう
鼓美_1207.jpg,鼓美
きはる_2738.jpg,きはる
中七番_471.jpg,中七番
佐波_2256.jpg,佐波
あまみひがし_2496.jpg,あまみひがし
わたなべじゅんいち_593.jpg,わたなべじゅんいち
カエサルのものはカエサルに_361.jpg,カエサルのものはカエサルに
金阪_1741.jpg,金阪
ねまつり_685.jpg,ねまつり
いさもと_1588.jpg,いさもと
せんちょうまち_90.jpg,せんちょうまち
りなみ_2563.jpg,りなみ
うず巻形ガスケット_1465.jpg,うず巻形ガスケット
じことうすい_727.jpg,じことうすい
才馬_3412.jpg,才馬
光恭_2951.jpg,光恭
たるみとうた_2940.jpg,たるみとうた
ほしみ_1832.jpg,ほしみ
かごおち_2719.jpg,かごおち
毅爽_3354.jpg,毅爽
しろすなたしろ_534.jpg,しろすなたしろ
純彬_1692.jpg,純彬
山ノ内中畑_155.jpg,山ノ内中畑
かむり板_3303.jpg,かむり板
バインダー_2751.jpg,バインダー
意久野_2455.jpg,意久野
まゆ_2500.jpg,まゆ
より_1732.jpg,より
よこご_1898.jpg,よこご
はくげつ_1193.jpg,はくげつ
もりこういち_2110.jpg,もりこういち
むかい_1406.jpg,むかい
ごきない_752.jpg,ごきない
羽未恵_96.jpg,羽未恵
どいの_2246.jpg,どいの
きょうさわ_1139.jpg,きょうさわ
雍通_2257.jpg,雍通
きよしろう_2400.jpg,きよしろう
家徳_1368.jpg,家徳
せいわ_1715.jpg,せいわ
洪弥_1155.jpg,洪弥
尾植_1638.jpg,尾植
そえじ_1777.jpg,そえじ
神美_2063.jpg,神美
さかなみ_1966.jpg,さかなみ
戸軽_2558.jpg,戸軽
ジェネリックセル速度アルゴリズム_1055.jpg,ジェネリックセル速度アルゴリズム
ゆうり_2208.jpg,ゆうり
蚕具_603.jpg,蚕具
六三_1948.jpg,六三
まりこ_2801.jpg,まりこ
吉江_2360.jpg,吉江
土方隆行_2055.jpg,土方隆行
二ッ沼_2983.jpg,二ッ沼
瑛彦_2482.jpg,瑛彦
デピュー_3084.jpg,デピュー
パラスト_2436.jpg,パラスト
ばいクロックぎじゅつ_3049.jpg,ばいクロックぎじゅつ
六ノ里_425.jpg,六ノ里
古見山_2281.jpg,古見山
くまお_2070.jpg,くまお
架音_2899.jpg,架音
せいりゅうじ_688.jpg,せいりゅうじ
尋常性白斑_3242.jpg,尋常性白斑
妃明_2029.jpg,妃明
悠羽飛_1354.jpg,悠羽飛
押西洞院町_583.jpg,押西洞院町
秀基_2960.jpg,秀基
がたつく_1497.jpg,がたつく
中島麻未_1255.jpg,中島麻未
きくおか_1416.jpg,きくおか
ゴドレーシュ_2881.jpg,ゴドレーシュ
せんりゅう_1878.jpg,せんりゅう
カンジウシ川_1409.jpg,カンジウシ川
おおまめいくた_2389.jpg,おおまめいくた
彩那_2010.jpg,彩那
きょうわせいじ_3390.jpg,きょうわせいじ
中開津_2644.jpg,中開津
なぐりあい_1404.jpg,なぐりあい
ふたついし_81.jpg,ふたついし
巨武_989.jpg,巨武
さつさ_474.jpg,さつさ
にっぽんこうこくがっかい_1109.jpg,にっぽんこうこくがっかい
あやか_2655.jpg,あやか
大雪山_3015.jpg,大雪山
章喜_739.jpg,章喜
だいそうじょう_2958.jpg,だいそうじょう
手繰り揚げる_519.jpg,手繰り揚げる
なの_1556.jpg,なの
おくしんいけ_40.jpg,おくしんいけ
伊座利_477.jpg,伊座利
ささべしんたろう_497.jpg,ささべしんたろう
中一の沢町_3078.jpg,中一の沢町
若宮八幡宮_1095.jpg,若宮八幡宮
左折可_1910.jpg,左折可
ゆとう_2781.jpg,ゆとう
ないほうひょうき_2695.jpg,ないほうひょうき
キニャール_251.jpg,キニャール
新聞広告_49.jpg,新聞広告
関東医療少年院_1718.jpg,関東医療少年院
志々目_184.jpg,志々目
月音_775.jpg,月音
志津川湾_266.jpg,志津川湾
まざきほんむらみょう_3473.jpg,まざきほんむらみょう
ひがしがま_82.jpg,ひがしがま
かぎだ_1519.jpg,かぎだ
池向_1323.jpg,池向
こんとく_696.jpg,こんとく
中萩森_883.jpg,中萩森
よしだざこ_300.jpg,よしだざこ
伸自_1600.jpg,伸自
トリニダードトバコ_479.jpg,トリニダードトバコ
求仁敬_2901.jpg,求仁敬
東川尻_1433.jpg,東川尻
メンフォン_552.jpg,メンフォン
猩々_369.jpg,猩々
くろいしだに_760.jpg,くろいしだに
龍田北_1875.jpg,龍田北
竹麻_315.jpg,竹麻
泰市_2104.jpg,泰市
いぬやしゃ_2090.jpg,いぬやしゃ
アルゴス_1945.jpg,アルゴス
モーターイン_3413.jpg,モーターイン
猪野瀬_976.jpg,猪野瀬
ゆきみ_606.jpg,ゆきみ
江口洋介_3225.jpg,江口洋介
かささぎ_231.jpg,かささぎ
上初田東_1726.jpg,上初田東
きょうしょう_3107.jpg,きょうしょう
つむぎ_2503.jpg,つむぎ
たかえ_2620.jpg,たかえ
銭林_3334.jpg,銭林
かねます_3261.jpg,かねます
くらのうら_2796.jpg,くらのうら
喧伝_1597.jpg,喧伝
かにだまし_29.jpg,かにだまし
トロロコブ_3161.jpg,トロロコブ
横河原橋_563.jpg,横河原橋
テウフィーク_3113.jpg,テウフィーク
冷凍卵子_2388.jpg,冷凍卵子
あらたき_521.jpg,あらたき
薬師谷山_2327.jpg,薬師谷山
星座_3315.jpg,星座
五葉の松_1517.jpg,五葉の松
こじまひでひろ_2150.jpg,こじまひでひろ
光明寺_2995.jpg,光明寺
ふくど_2106.jpg,ふくど
リラクゼーション_1071.jpg,リラクゼーション
ちゅうとう_1192.jpg,ちゅうとう
いけみね_1297.jpg,いけみね
おおやばし_611.jpg,おおやばし
かなき_3220.jpg,かなき
掖_1210.jpg,掖
ひがしたがわぐんくしびきまち_2575.jpg,ひがしたがわぐんくしびきまち
たはらとしひこ_1868.jpg,たはらとしひこ
よこながし_2269.jpg,よこながし
エッグカップ_1478.jpg,エッグカップ
けいさぶろう_2345.jpg,けいさぶろう
梅司_1251.jpg,梅司
龍野_2397.jpg,龍野
朱紀子_529.jpg,朱紀子
まるあな_873.jpg,まるあな
鉄ついを下す_612.jpg,鉄ついを下す
椿大神社_1676.jpg,椿大神社
狩野元信_468.jpg,狩野元信
めいぼ_2589.jpg,めいぼ
伊菜穂_2810.jpg,伊菜穂
ボアマン_144.jpg,ボアマン
大だる_1727.jpg,大だる
たねた_3339.jpg,たねた
しさと_3163.jpg,しさと
あかい_2259.jpg,あかい
みはる_3274.jpg,みはる
宗包_547.jpg,宗包
りょうたろう_1654.jpg,りょうたろう
コスメニエンス_107.jpg,コスメニエンス
きゅうはく_2083.jpg,きゅうはく
まどいわ_3024.jpg,まどいわ
須智_3179.jpg,須智
伶実_420.jpg,伶実
細月_3372.jpg,細月
テーブル・テニス_3000.jpg,テーブル・テニス
森徳_661.jpg,森徳
咄_2268.jpg,咄
ふさたね_726.jpg,ふさたね
燕子_211.jpg,燕子
まさし_3095.jpg,まさし
柴尾峠_3117.jpg,柴尾峠
かいがいふにん_2645.jpg,かいがいふにん
はまだまは_2226.jpg,はまだまは
寛次郎_1739.jpg,寛次郎
鳥海永行_1871.jpg,鳥海永行
さがとりいもとこざかちょう_507.jpg,さがとりいもとこざかちょう
ちり紙_3288.jpg,ちり紙
さんごしがわ_3406.jpg,さんごしがわ
友里菜_1974.jpg,友里菜
田町上丁_1436.jpg,田町上丁
辻政信_2429.jpg,辻政信
りんさんしけんじょう_1483.jpg,りんさんしけんじょう
気候監視診断研究所_3226.jpg,気候監視診断研究所
こういち_3411.jpg,こういち
ほしどう_1827.jpg,ほしどう
晃嘉_1299.jpg,晃嘉
変わり絵_2804.jpg,変わり絵
サタ子_1241.jpg,サタ子
ごうしろう_2251.jpg,ごうしろう
ろうじんご_3109.jpg,ろうじんご
顎がしゃくれる_2116.jpg,顎がしゃくれる
やぐろ_2167.jpg,やぐろ
くぼのしょうちょう_2866.jpg,くぼのしょうちょう
リスポンシブ_658.jpg,リスポンシブ
うらたやすちか_465.jpg,うらたやすちか
たえね_1206.jpg,たえね
そとがわごや_1872.jpg,そとがわごや
ちあ_1317.jpg,ちあ
奏央子_2891.jpg,奏央子
くちびろさわ_2765.jpg,くちびろさわ
下米田町小山_1761.jpg,下米田町小山
ゆさ_2193.jpg,ゆさ
督昌_2627.jpg,督昌
出払う_238.jpg,出払う
漢書_426.jpg,漢書
ジーゲンターラー_858.jpg,ジーゲンターラー
シズヱ_946.jpg,シズヱ
ふじいゆう_1843.jpg,ふじいゆう
うみのおや_1221.jpg,うみのおや
ストックホルム_59.jpg,ストックホルム
よしなが_459.jpg,よしなが
こっと丸礁_2836.jpg,こっと丸礁
バルキューレ_2717.jpg,バルキューレ
中春日_1491.jpg,中春日
町屋駅前駅_1806.jpg,町屋駅前駅
卓昌_1699.jpg,卓昌
みさ_3172.jpg,みさ
とじょう_2300.jpg,とじょう
ほうしょうじ_1320.jpg,ほうしょうじ
つぼいよしかつ_992.jpg,つぼいよしかつ
みずのわ_2011.jpg,みずのわ
にしたてがみ_3006.jpg,にしたてがみ
冨岡真理央_3021.jpg,冨岡真理央
中平井町_2413.jpg,中平井町
やなぎもと_3439.jpg,やなぎもと
えりな_880.jpg,えりな
五次方程式_501.jpg,五次方程式
すいどうすじ_3463.jpg,すいどうすじ
青雲_172.jpg,青雲
かくじ_294.jpg,かくじ
藤彦_2724.jpg,藤彦
けんりゅうけい_340.jpg,けんりゅうけい
くだい_1903.jpg,くだい
メジャーセブンス_1198.jpg,メジャーセブンス
由姫美_2158.jpg,由姫美
丸字_1758.jpg,丸字
きよら_2942.jpg,きよら
末香_1274.jpg,末香
山田町衝原_1866.jpg,山田町衝原
いちすぎてつや_1540.jpg,いちすぎてつや
嶋寺_3453.jpg,嶋寺
長増_833.jpg,長増
ちゅうぎ_2262.jpg,ちゅうぎ
ウルチニ_3431.jpg,ウルチニ
グアリー_3498.jpg,グアリー
秀益_2529.jpg,秀益
在原業平_2641.jpg,在原業平
はとやまひでお_1173.jpg,はとやまひでお
根洗_672.jpg,根洗
冨沢_1555.jpg,冨沢
当身技_540.jpg,当身技
さえきしょういち_1681.jpg,さえきしょういち
らくあ_1976.jpg,らくあ
しんじゅがくえん_1231.jpg,しんじゅがくえん
うみち_1202.jpg,うみち
一之_2241.jpg,一之
祐雅_1846.jpg,祐雅
峰出_1950.jpg,峰出
下堀沢_605.jpg,下堀沢
ちばこくさいゴルフじょう_575.jpg,ちばこくさいゴルフじょう
すいりしょうせつ_1141.jpg,すいりしょうせつ
かさえ_932.jpg,かさえ
高谷地_1105.jpg,高谷地
釋迦郡_3164.jpg,釋迦郡
ざをもつ_3174.jpg,ざをもつ
パイパン_3273.jpg,パイパン
にっけい_1985.jpg,にっけい
小池秋永_1265.jpg,小池秋永
てるます_1036.jpg,てるます
おおたたかし_2793.jpg,おおたたかし
八島田_1551.jpg,八島田
せいだ_139.jpg,せいだ
かいだまちこ_384.jpg,かいだまちこ
住規_1628.jpg,住規
おかたき_332.jpg,おかたき
あいぞう_3383.jpg,あいぞう
たみよし_1075.jpg,たみよし
丹梨_3118.jpg,丹梨
しえ奈_1239.jpg,しえ奈
メープルバリー_1649.jpg,メープルバリー
飲み助_1031.jpg,飲み助
大工廻_1666.jpg,大工廻
こべんてんじま_2630.jpg,こべんてんじま
りくさかえがわ_1796.jpg,りくさかえがわ
ずけいエディタ_445.jpg,ずけいエディタ
あさゆき_2588.jpg,あさゆき
サービスの復旧_1158.jpg,サービスの復旧
西嶋憲生_2917.jpg,西嶋憲生
みあ_2504.jpg,みあ
萩野_1186.jpg,萩野
小ケ田_1876.jpg,小ケ田
世智子_2266.jpg,世智子
遅塚_2715.jpg,遅塚
げかん_2913.jpg,げかん
大宮南林町_342.jpg,大宮南林町
すみとし_3152.jpg,すみとし
大別当山_2371.jpg,大別当山
一寳_3352.jpg,一寳
順康_1343.jpg,順康
真奈果_19.jpg,真奈果
オーストラリヤ_119.jpg,オーストラリヤ
竪谷_2183.jpg,竪谷
いか_2956.jpg,いか
鶇巣町_954.jpg,鶇巣町
美用谷川_2032.jpg,美用谷川
前郷一番町_1449.jpg,前郷一番町
えちゅう_1776.jpg,えちゅう
北陸本線_1905.jpg,北陸本線
やえこ_784.jpg,やえこ
まどか_1327.jpg,まどか
かんしょうてき_618.jpg,かんしょうてき
淀橋_1754.jpg,淀橋
おかのはら_3072.jpg,おかのはら
やおよろずかみ_275.jpg,やおよろずかみ
離筵_1642.jpg,離筵
童_1618.jpg,童
卒都婆峠_1300.jpg,卒都婆峠
あきな_1126.jpg,あきな
なまごう_2223.jpg,なまごう
嵯和子_2160.jpg,嵯和子
ふみたけ_3070.jpg,ふみたけ
きこうち_2754.jpg,きこうち
狐子坂_2134.jpg,狐子坂
やまのうえ_678.jpg,やまのうえ
タトワイラー_2586.jpg,タトワイラー
尚成_592.jpg,尚成
安座川_3030.jpg,安座川
民三郎_2708.jpg,民三郎
楚良_3396.jpg,楚良
小代田_2850.jpg,小代田
かんじゅ_1888.jpg,かんじゅ
頭声_1421.jpg,頭声
窓ごし_1844.jpg,窓ごし
たなかみなこ_1502.jpg,たなかみなこ
末治_2304.jpg,末治
淵岩_3217.jpg,淵岩
芹緒_2447.jpg,芹緒
らいく_697.jpg,らいく
じんせん_1474.jpg,じんせん
柔やか_2590.jpg,柔やか
ながたしんざぶろう_1171.jpg,ながたしんざぶろう
しんがき_3455.jpg,しんがき
靖市朗_766.jpg,靖市朗
いちのせきゴルフじょう_3381.jpg,いちのせきゴルフじょう
木平_1755.jpg,木平
マフィン_156.jpg,マフィン
仁弥_3282.jpg,仁弥
中切配水場_1602.jpg,中切配水場
田麦沢_1631.jpg,田麦沢
あみくら_1663.jpg,あみくら
大目_3308.jpg,大目
エフゲニア_1266.jpg,エフゲニア
雅恒_1412.jpg,雅恒
みさこ_2015.jpg,みさこ
どうばた_2761.jpg,どうばた
湖畔_2048.jpg,湖畔
蚕繭_105.jpg,蚕繭
うえしま_1983.jpg,うえしま
みどうした_2760.jpg,みどうした
千由里_1030.jpg,千由里
じっきょうアナウンス_36.jpg,じっきょうアナウンス
貴代水_994.jpg,貴代水
脛巾_2271.jpg,脛巾
ちお_2214.jpg,ちお
こくらこう_2531.jpg,こくらこう
さいいんにしかいがわ_21.jpg,さいいんにしかいがわ
みずめ_2510.jpg,みずめ
浮氷子_3099.jpg,浮氷子
やすもり_1448.jpg,やすもり
受動輸送_1468.jpg,受動輸送
バカにつけるくすりはない_3092.jpg,バカにつけるくすりはない
なかのかわ_460.jpg,なかのかわ
あかは_317.jpg,あかは
おこくがわ_112.jpg,おこくがわ
たかすちょう_293.jpg,たかすちょう
いえじま_1558.jpg,いえじま
復生_1326.jpg,復生
パンシ_2619.jpg,パンシ
常総大橋_2936.jpg,常総大橋
子晴_3467.jpg,子晴
量至_1056.jpg,量至
古典物理学_115.jpg,古典物理学
鎖錨_58.jpg,鎖錨
おりい_2640.jpg,おりい
戸嵜_2524.jpg,戸嵜
河口親賀_417.jpg,河口親賀
卒甲_1823.jpg,卒甲
原尾_1794.jpg,原尾
寿実_92.jpg,寿実
ほうしん_881.jpg,ほうしん
みい_1080.jpg,みい
てんしゅう_2929.jpg,てんしゅう
きしお_998.jpg,きしお
割地_3389.jpg,割地
川子石_2840.jpg,川子石
さとり_2201.jpg,さとり
焼肉_1859.jpg,焼肉
中村_695.jpg,中村
新溜池_3499.jpg,新溜池
ましょうだ_80.jpg,ましょうだ
典夏_106.jpg,典夏
えりこ_1647.jpg,えりこ
ひではちろう_1674.jpg,ひではちろう
畝畑_1780.jpg,畝畑
カオルーン_2948.jpg,カオルーン
そなか_857.jpg,そなか
あゆは_2008.jpg,あゆは
むかいがわらえき_61.jpg,むかいがわらえき
滝本町_1783.jpg,滝本町
くもんじょ_2499.jpg,くもんじょ
ユイル_329.jpg,ユイル
棟庵_2758.jpg,棟庵
愛巳_1257.jpg,愛巳
かずさ_41.jpg,かずさ
比嘉_636.jpg,比嘉
フェザーきゅう_1858.jpg,フェザーきゅう
角俊_2910.jpg,角俊
パラボラ・アンテナ_2527.jpg,パラボラ・アンテナ
りょうせい_3447.jpg,りょうせい
セツバル湾_2072.jpg,セツバル湾
じこべんご_1344.jpg,じこべんご
淑禎_2213.jpg,淑禎
ねこづか_2420.jpg,ねこづか
遅羽_118.jpg,遅羽
とうろう_2622.jpg,とうろう
岸太郎_1164.jpg,岸太郎
にさん_884.jpg,にさん
享歌_963.jpg,享歌
つる薔薇_3387.jpg,つる薔薇
だんじょかくさ_2361.jpg,だんじょかくさ
有里那_997.jpg,有里那
りきち_2354.jpg,りきち
がんこうじしょうとういんあと_1434.jpg,がんこうじしょうとういんあと
香菜枝_647.jpg,香菜枝
しぶやたけお_535.jpg,しぶやたけお
三史_2679.jpg,三史
公認欠席届_2961.jpg,公認欠席届
いしわりだけ_1284.jpg,いしわりだけ
内藤国夫_1892.jpg,内藤国夫
丹過_2963.jpg,丹過
ありたやき_888.jpg,ありたやき
みつざき_876.jpg,みつざき
ともみ_901.jpg,ともみ
ほうらいまち_1242.jpg,ほうらいまち
くにわき_1998.jpg,くにわき
ばんざぶろう_2279.jpg,ばんざぶろう
荒井沢_55.jpg,荒井沢
まさしげ_39.jpg,まさしげ
健八流_2544.jpg,健八流
藤繁_2969.jpg,藤繁
はす_88.jpg,はす
荷積崎_2347.jpg,荷積崎
ノーハウ_2814.jpg,ノーハウ
ビソン_673.jpg,ビソン
ともだちかんかく_820.jpg,ともだちかんかく
伊純_2308.jpg,伊純
成田_1778.jpg,成田
陞_2228.jpg,陞
こもとほん_1287.jpg,こもとほん
津久井浜駅_1097.jpg,津久井浜駅
かねはま_3430.jpg,かねはま
米澤_2915.jpg,米澤
さとうしん_3326.jpg,さとうしん
眞ケ田_1073.jpg,眞ケ田
越久田_2938.jpg,越久田
せんびょう_3079.jpg,せんびょう
さき_713.jpg,さき
べく_913.jpg,べく
穂絮_3019.jpg,穂絮
ウェリキー_2592.jpg,ウェリキー
せいひろ_1580.jpg,せいひろ
只_1053.jpg,只
すぎうちょう_1046.jpg,すぎうちょう
ジャンリ_1522.jpg,ジャンリ
ちょんぼ_2078.jpg,ちょんぼ
ごうらき_3249.jpg,ごうらき
エスエヌエス_683.jpg,エスエヌエス
友美子_1863.jpg,友美子
麝香揚羽_2234.jpg,麝香揚羽
南片原_2886.jpg,南片原
おの_2680.jpg,おの
まめぞう_886.jpg,まめぞう
よしお_2799.jpg,よしお
やがさきがわ_35.jpg,やがさきがわ
あきふかし_2365.jpg,あきふかし
郁之進_3265.jpg,郁之進
諸教混淆_1357.jpg,諸教混淆
衣晋_1010.jpg,衣晋
げんせい_2174.jpg,げんせい
しんえん_1013.jpg,しんえん
年来_1119.jpg,年来
おきぬけ_400.jpg,おきぬけ
天プラ_1033.jpg,天プラ
土山町_386.jpg,土山町
はたせるかな_3454.jpg,はたせるかな
妙高山_2659.jpg,妙高山
ももえ_269.jpg,ももえ
ふたまたいわ_864.jpg,ふたまたいわ
堀江正彦_2225.jpg,堀江正彦
プリムス_337.jpg,プリムス
いちとくなが_3359.jpg,いちとくなが
松代町牧島_724.jpg,松代町牧島
じもの_2705.jpg,じもの
一日_2340.jpg,一日
ふなつか_3178.jpg,ふなつか
うただ_2280.jpg,うただ
ちゆり_2198.jpg,ちゆり
鳥羽美音子_699.jpg,鳥羽美音子
しもいわ_113.jpg,しもいわ
クレジットカード番号_181.jpg,クレジットカード番号
みやこくうこう_187.jpg,みやこくうこう
和淳_1921.jpg,和淳
虹聖_3181.jpg,虹聖
天狗橋_1066.jpg,天狗橋
へいけもり_1377.jpg,へいけもり
えりこ_2957.jpg,えりこ
兼子_632.jpg,兼子
鉄嶺峠_1123.jpg,鉄嶺峠
秋伍_980.jpg,秋伍
伊福町_3279.jpg,伊福町
くるまだて_591.jpg,くるまだて
茨住吉神社_2296.jpg,茨住吉神社
マルガリータ_1626.jpg,マルガリータ
ほづきやま_978.jpg,ほづきやま
阿基菜_1176.jpg,阿基菜
えグラフ_3119.jpg,えグラフ
建祐_2478.jpg,建祐
コーバーグ半島_3333.jpg,コーバーグ半島
ぎそう_2872.jpg,ぎそう
ポーコ_2322.jpg,ポーコ
名尾_1189.jpg,名尾
あさな_719.jpg,あさな
地堂_3166.jpg,地堂
あきお_3051.jpg,あきお
にしぼらがわ_1507.jpg,にしぼらがわ
小割沢_3032.jpg,小割沢
日高遺跡_2017.jpg,日高遺跡
トライコフ_1363.jpg,トライコフ
理正_567.jpg,理正
レバション_1212.jpg,レバション
ムフリラ_43.jpg,ムフリラ
幾地_287.jpg,幾地
ばんざい_2166.jpg,ばんざい
甲矢夫_3150.jpg,甲矢夫
歌六_2260.jpg,歌六
景堂_422.jpg,景堂
さへい_3149.jpg,さへい
深見川_1079.jpg,深見川
宮ノ平駅_2981.jpg,宮ノ平駅
有音_1575.jpg,有音
ふかくさくるまざか_1643.jpg,ふかくさくるまざか
おだぐら_6.jpg,おだぐら
耕土_1260.jpg,耕土
こえはま_2273.jpg,こえはま
まは_2472.jpg,まは
五輪マーク_2749.jpg,五輪マーク
時英_915.jpg,時英
ななつみね_336.jpg,ななつみね
じょうどじしもみなみだちょう_2376.jpg,じょうどじしもみなみだちょう
ビオサバールのほうそく_102.jpg,ビオサバールのほうそく
ヒレンブランド_1240.jpg,ヒレンブランド
ペイカン_473.jpg,ペイカン
太和金トンネル_1870.jpg,太和金トンネル
阿伏兎観音_2541.jpg,阿伏兎観音
こすげ_3306.jpg,こすげ
あおくちなわ_1884.jpg,あおくちなわ
こういち_3478.jpg,こういち
かがわてついち_1723.jpg,かがわてついち
中司_1018.jpg,中司
くにかみじんじゃ_1865.jpg,くにかみじんじゃ
公下_2282.jpg,公下
かみにま_3036.jpg,かみにま
いさひこ_37.jpg,いさひこ
通信コース_3240.jpg,通信コース
あいら_3221.jpg,あいら
さんゆう_2999.jpg,さんゆう
たかつかあたごじぞうそん_2004.jpg,たかつかあたごじぞうそん
夢生_2320.jpg,夢生
パンチのきいた_582.jpg,パンチのきいた
たけだつねかず_2831.jpg,たけだつねかず
ダンディライオン_2878.jpg,ダンディライオン
くぎなし_2215.jpg,くぎなし
聡晟_916.jpg,聡晟
千賀三_1188.jpg,千賀三
物も言い様_1630.jpg,物も言い様
まつはえ_545.jpg,まつはえ
新優_928.jpg,新優
理彦_710.jpg,理彦
むろその_3324.jpg,むろその
くらしな_2342.jpg,くらしな
ともなり_671.jpg,ともなり
逸世_2978.jpg,逸世
神木_906.jpg,神木
中南米統合連合_1915.jpg,中南米統合連合
はつえ_2928.jpg,はつえ
範継_3476.jpg,範継
リフォーム_2425.jpg,リフォーム
桑野橋_2141.jpg,桑野橋
とみだちょうとだ_615.jpg,とみだちょうとだ
万莉萌_2686.jpg,万莉萌
こまつだいぼくじょう_3489.jpg,こまつだいぼくじょう
長峰池_1472.jpg,長峰池
堅忍持久_728.jpg,堅忍持久
こうちくかんきょう_2523.jpg,こうちくかんきょう
ひがしたかすろくせん_2062.jpg,ひがしたかすろくせん
朱雀裏畑_223.jpg,朱雀裏畑
ゆうせつ_569.jpg,ゆうせつ
かせだ_2244.jpg,かせだ
満本_3011.jpg,満本
ルボ_1026.jpg,ルボ
新谷_3386.jpg,新谷
生木_2485.jpg,生木
すみよしいけ_470.jpg,すみよしいけ
あづま_1413.jpg,あづま
やのぶ_268.jpg,やのぶ
相対主義_3336.jpg,相対主義
朱瀬里_2530.jpg,朱瀬里
西後_3182.jpg,西後
はちみつ_135.jpg,はちみつ
そうちょうたい_2947.jpg,そうちょうたい
小動岬_359.jpg,小動岬
ばいきゃくだいきん_619.jpg,ばいきゃくだいきん
買田池_3456.jpg,買田池
麥嶋_1146.jpg,麥嶋
わりむぎ_2024.jpg,わりむぎ
日香梨_1440.jpg,日香梨
あきよ_2666.jpg,あきよ
おかもとしょうどう_1753.jpg,おかもとしょうどう
導水幹線水路_2079.jpg,導水幹線水路
上宝沢_244.jpg,上宝沢
てんぐじょう_1489.jpg,てんぐじょう
嘉廉_1060.jpg,嘉廉
予餞会_2209.jpg,予餞会
三宅範和_572.jpg,三宅範和
苅間澤_962.jpg,苅間澤
墨友_399.jpg,墨友
不倒翁_1391.jpg,不倒翁
岡本六史_1833.jpg,岡本六史
あるべると_811.jpg,あるべると
オースチン_1276.jpg,オースチン
ぎんば_1787.jpg,ぎんば
こきんじ_1225.jpg,こきんじ
オゲホン崎_3281.jpg,オゲホン崎
田舎館駅_1939.jpg,田舎館駅
しげもと_466.jpg,しげもと
たかあき_486.jpg,たかあき
馬守_942.jpg,馬守
親基_830.jpg,親基
いずもたいしゃまええき_1208.jpg,いずもたいしゃまええき
しいだにやま_3126.jpg,しいだにやま
きぐみとうげ_1700.jpg,きぐみとうげ
ながくぼぼくや_2736.jpg,ながくぼぼくや
三河湾_2020.jpg,三河湾
こまに_1011.jpg,こまに
かまざわがわ_3223.jpg,かまざわがわ
さゆ_707.jpg,さゆ
とおみや_2027.jpg,とおみや
蛸船_2900.jpg,蛸船
滾々_9.jpg,滾々
ながはまわん_1743.jpg,ながはまわん
きせい_2822.jpg,きせい
唐来_1270.jpg,唐来
つぼさか_1968.jpg,つぼさか
いぬにろんご_2458.jpg,いぬにろんご
のりかつ_546.jpg,のりかつ
すがね_1087.jpg,すがね
小萱堤_3364.jpg,小萱堤
岡豊町小篭_2518.jpg,岡豊町小篭
英記_2018.jpg,英記
江浪トンネル_1912.jpg,江浪トンネル
よこびろ_321.jpg,よこびろ
丹川_346.jpg,丹川
コルドベス_292.jpg,コルドベス
裕姫_2648.jpg,裕姫
てきりょう_229.jpg,てきりょう
タプズこ_2404.jpg,タプズこ
哲助_2464.jpg,哲助
サービス提供者_1261.jpg,サービス提供者
せい子_1775.jpg,せい子
せんそくわたし_536.jpg,せんそくわたし
やまきたかいたく_686.jpg,やまきたかいたく
八点島_1077.jpg,八点島
塘路原野_785.jpg,塘路原野
ゆのはらトンネル_520.jpg,ゆのはらトンネル
まるやましたえき_1565.jpg,まるやましたえき
エスニック・ファッション_34.jpg,エスニック・ファッション
ぼうりょくだんがり_867.jpg,ぼうりょくだんがり
金園町_1422.jpg,金園町
なかんだに_617.jpg,なかんだに
上美唄町沼の端_186.jpg,上美唄町沼の端
リバーストン_1498.jpg,リバーストン
都峰_1135.jpg,都峰
斎藤道三_2587.jpg,斎藤道三
二軒建て_1431.jpg,二軒建て
小谷_2905.jpg,小谷
きほ_289.jpg,きほ
めさき_902.jpg,めさき
殿迫_3432.jpg,殿迫
宇和田町_2493.jpg,宇和田町
平屋_3038.jpg,平屋
田子験潮場_682.jpg,田子験潮場
水窪町_1594.jpg,水窪町
ひゆひょうげん_1677.jpg,ひゆひょうげん
かくとみ_2788.jpg,かくとみ
里白石駅_1113.jpg,里白石駅
おおもりじま_357.jpg,おおもりじま
横代東町_1538.jpg,横代東町
のりあき_558.jpg,のりあき
怨しい_3043.jpg,怨しい
おのさおり_226.jpg,おのさおり
スレタイ_2570.jpg,スレタイ
敬子_1610.jpg,敬子
抗毒素_2721.jpg,抗毒素
くらら_152.jpg,くらら
しおやがわ_1401.jpg,しおやがわ
雪ノ下_1271.jpg,雪ノ下
くらたき_809.jpg,くらたき
かくよう_463.jpg,かくよう
アケビか_1493.jpg,アケビか
こじらしま_1042.jpg,こじらしま
ゆうな_3373.jpg,ゆうな
河塚_1304.jpg,河塚
きょうこうせんし_633.jpg,きょうこうせんし
きょうこ_1924.jpg,きょうこ
オイチャンヌンペ川_51.jpg,オイチャンヌンペ川
チェーザレボルジア_2334.jpg,チェーザレボルジア
しおさいちょう_2693.jpg,しおさいちょう
支沢_3012.jpg,支沢
うしおろし_247.jpg,うしおろし
長洞_652.jpg,長洞
あぼしくかいちにしまち_2211.jpg,あぼしくかいちにしまち
すぴか_325.jpg,すぴか
おおしらさわいけ_772.jpg,おおしらさわいけ
島江_1668.jpg,島江
國生_1418.jpg,國生
請関_1893.jpg,請関
みぞぐちぜんべえ_177.jpg,みぞぐちぜんべえ
くつみ_264.jpg,くつみ
ちなみ_960.jpg,ちなみ
ツ志_3031.jpg,ツ志
哲了_1673.jpg,哲了
ホイザー_2295.jpg,ホイザー
ようじろう_2602.jpg,ようじろう
ぼくふう_2769.jpg,ぼくふう
愛知川町_2366.jpg,愛知川町
下池金_1001.jpg,下池金
デジチケ_2564.jpg,デジチケ
こどうじ_1722.jpg,こどうじ
坂本和子_2646.jpg,坂本和子
そむら_2446.jpg,そむら
たんしきぼき_2028.jpg,たんしきぼき
すまたがわ_2642.jpg,すまたがわ
顕熱_1569.jpg,顕熱
縫合_1595.jpg,縫合
白竜湖_3482.jpg,白竜湖
休らう_573.jpg,休らう
おおさかだにがわ_1252.jpg,おおさかだにがわ
左方の楽_391.jpg,左方の楽
あながさまち_2031.jpg,あながさまち
密閉型_1170.jpg,密閉型
あきらこ_2151.jpg,あきらこ
宝器_538.jpg,宝器
上大森町_2976.jpg,上大森町
里都_3437.jpg,里都
いちねんせいそうほん_1464.jpg,いちねんせいそうほん
こうほく_1182.jpg,こうほく
ガストロノミー_2357.jpg,ガストロノミー
たけまた_2656.jpg,たけまた
けんじ_2059.jpg,けんじ
西九州線_848.jpg,西九州線
つるすけ_553.jpg,つるすけ
惟貝_890.jpg,惟貝
かみちゃやまち_1890.jpg,かみちゃやまち
つねよ_271.jpg,つねよ
いんそう_2798.jpg,いんそう
戦時下_895.jpg,戦時下
こひつじ_390.jpg,こひつじ
桂原_2311.jpg,桂原
橋立川_972.jpg,橋立川
不動牧場_1840.jpg,不動牧場
春浪_2163.jpg,春浪
